City,date,Year,Month,N_elevated,cond2_Nelev,cond3_window,MPSI_equal,Smog_equal,MPSI_PCA,Smog_PCA,MPSI_entropy,Smog_entropy,MPSI_CRITIC,Smog_CRITIC
Delhi,2018-07,2018,7,1,False,False,-0.4622956644300318,0,-0.6979508654005566,0,-0.46500998033517305,0,-0.28155756238348933,0
Delhi,2018-08,2018,8,0,False,False,-0.6801948255190686,0,-0.8123607112647827,0,-0.7071577237221489,0,-0.5678857457079558,0
Delhi,2018-09,2018,9,0,False,False,-0.45117523533354575,0,-0.596843332682936,0,-0.49047854977281463,0,-0.3463415011196817,0
Delhi,2018-10,2018,10,2,True,True,0.7480618622183628,0,0.7613272062616443,0,0.7832455849859823,0,0.7135908326636156,0
Delhi,2018-11,2018,11,1,False,True,0.43287937377381946,0,0.6154947511531613,0,0.47074927233931074,0,0.2819300498835221,0
Delhi,2018-12,2018,12,2,True,True,0.4127244892904662,0,0.7303329519334719,0,0.4086513965048459,0,0.20026392666399137,0
Delhi,2019-01,2019,1,1,False,True,0.3340392352057273,0,0.5284164972103734,0,0.31950164338352105,0,0.190220833734439,0
Delhi,2019-02,2019,2,2,True,True,0.06143586782632919,0,0.2707863957073974,0,0.06716768006822577,0,-0.029697552545786418,0
Delhi,2019-03,2019,3,0,False,False,-0.07702715069880008,0,-0.16483119024372778,0,-0.13228305279258337,0,-0.03337068898698311,0
Delhi,2019-04,2019,4,1,False,False,0.4532796432876542,0,0.40868030858102194,0,0.42660213425209426,0,0.41756082659199667,0
Delhi,2019-05,2019,5,1,False,False,0.3840700941932137,0,0.2245755064156725,0,0.35657599808346896,0,0.43655363313359385,0
Delhi,2019-06,2019,6,1,False,False,0.2661280511244133,0,0.09445290578074671,0,0.27004974656129166,0,0.383714335200762,0
Delhi,2019-07,2019,7,0,False,False,-0.49793287556282173,0,-0.7651152693569435,0,-0.5437133918297986,0,-0.332122514545554,0
Delhi,2019-08,2019,8,0,False,False,-0.9016735331765766,0,-1.0209036546830073,0,-0.9201259910245609,0,-0.7907567581498489,0
Delhi,2019-09,2019,9,0,False,False,-0.8711146135163351,0,-0.8652348297516191,0,-0.8446779037441253,0,-0.827789700533859,0
Delhi,2019-10,2019,10,1,False,True,0.3102052688913112,0,0.44676582230744544,0,0.3788596090826012,0,0.1857132880630819,0
Delhi,2019-11,2019,11,0,False,True,-0.6303851446357434,0,-0.471503897719515,0,-0.5564958012189091,0,-0.7555982249729267,0
Delhi,2019-12,2019,12,4,True,True,1.1689751570616296,1,1.313911405752154,1,1.1785393291787756,1,1.155572523011089,1
Delhi,2020-01,2020,1,2,True,True,0.30302023090848257,0,0.398272924690374,0,0.26991375757771396,0,0.28075110019503446,0
Delhi,2020-02,2020,2,1,False,True,0.44048736349587037,0,0.4028762696638081,0,0.43573761960280505,0,0.5082896195218644,0
Delhi,2020-03,2020,3,1,False,False,0.07875629561747605,0,-0.102801415331402,0,0.06550252323681116,0,0.24160405714742134,0
Delhi,2020-04,2020,4,1,False,False,-0.0530690820497193,0,-0.32722238865256553,0,-0.11061224255317495,0,0.09187389112526789,0
Delhi,2020-05,2020,5,1,False,False,0.2458162790697104,0,0.09078109847785203,0,0.2176503303281615,0,0.29087212497471343,0
Delhi,2020-06,2020,6,1,False,False,-0.13375722272942864,0,-0.25234347360146403,0,-0.12804032840860652,0,-0.08549661178530304,0
Delhi,2020-07,2020,7,0,False,False,-1.0263315827731458,0,-1.1091157522192885,0,-0.9903406106113073,0,-0.9418336468938919,0
Delhi,2020-08,2020,8,0,False,False,-1.1720023398725015,0,-1.1988150889766476,0,-1.1837633510239765,0,-1.1367293127823144,0
Delhi,2020-09,2020,9,0,False,False,-0.5535298520835962,0,-0.4892640570374822,0,-0.5601971315223208,0,-0.5966966390329824,0
Delhi,2020-10,2020,10,2,True,True,0.46014091882907693,0,0.6561911363414401,0,0.5224903627723549,0,0.2708568535831394,0
Delhi,2020-11,2020,11,4,True,True,0.9134289570391718,0,1.1056228597876767,1,0.939615280319475,0,0.7464339000853246,0
Delhi,2020-12,2020,12,2,True,True,0.4970400345486039,0,0.8258178868576997,0,0.5220437902820652,0,0.3300746638617268,0
Delhi,2021-01,2021,1,1,False,True,-0.3222959423269555,0,0.02137004324941863,0,-0.16136304515373784,0,-0.4530743074227362,0
Delhi,2021-02,2021,2,2,True,True,0.3544829099174553,0,0.5338950293341662,0,0.3559190873391758,0,0.27731500739229814,0
Delhi,2021-03,2021,3,0,False,False,-0.06519216765067531,0,-0.18527147820743067,0,-0.0585146187572888,0,0.03811689590423758,0
Delhi,2021-04,2021,4,1,False,False,0.4028957106272477,0,0.260431538444618,0,0.3534366360314262,0,0.48107227219733,0
Delhi,2021-05,2021,5,1,False,False,-0.1776024036557714,0,-0.304900651934319,0,-0.22036885913371226,0,-0.09502186564164783,0
Delhi,2021-06,2021,6,0,False,False,-0.3718526933491628,0,-0.5189177676726691,0,-0.3829953350164414,0,-0.26198305485125184,0
Delhi,2021-07,2021,7,0,False,False,-0.5443859127160025,0,-0.7043086405364871,0,-0.5407854450949455,0,-0.431398990041358,0
Delhi,2021-08,2021,8,0,False,False,-0.5727664349209319,0,-0.7013649310969413,0,-0.5777261952201113,0,-0.4974313758805519,0
Delhi,2021-09,2021,9,0,False,False,-0.7149525454135678,0,-0.8365600984226975,0,-0.7705156760936833,0,-0.6371692748986847,0
Delhi,2021-10,2021,10,1,False,True,0.10188247602481856,0,0.1567391148126094,0,0.0971607497462803,0,0.017890761536251465,0
Delhi,2021-11,2021,11,4,True,True,1.1165264019245371,1,1.4251144795145245,1,1.1667497479520619,1,0.8392226413140573,0
Delhi,2021-12,2021,12,2,True,True,0.7932606015390136,0,0.8537733625152106,0,0.739002953400981,0,0.7224612903920627,0
Delhi,2022-01,2022,1,2,True,True,0.5785579996731834,0,0.7690937641009992,0,0.6805227177927348,0,0.5526146014814457,0
Delhi,2022-02,2022,2,1,False,True,0.41252948439373177,0,0.3483204130647233,0,0.4092617341830399,0,0.4870967484206838,0
Delhi,2022-03,2022,3,0,False,False,0.3419017532958272,0,0.2786580787121591,0,0.3222149756404386,0,0.3639120767599094,0
Delhi,2022-04,2022,4,2,True,False,0.5142980905120196,0,0.35687674944070263,0,0.48219300706138807,0,0.5784217329954037,0
Delhi,2022-05,2022,5,2,True,False,0.6961457839098001,0,0.5616347093792395,0,0.699129301312423,0,0.7184269888423003,0
Delhi,2022-06,2022,6,0,False,False,0.00042734297668520216,0,-0.15558462654874922,0,-0.03454535453338524,0,0.07969813430540965,0
Delhi,2022-07,2022,7,0,False,False,-1.0736727532495143,0,-1.2194449923344584,0,-1.0701209339366675,0,-0.9379124104420375,0
Delhi,2022-08,2022,8,0,False,False,-1.1327826432154124,0,-1.2556689303188706,0,-1.184635919693505,0,-1.0453832767599596,0
Delhi,2022-09,2022,9,0,False,False,-0.6466671087109986,0,-0.6965564160286531,0,-0.664679654837615,0,-0.596927397270022,0
Delhi,2022-10,2022,10,1,False,True,0.0010480319375398423,0,0.13156531888124606,0,0.08289588860899827,0,-0.10219941420365848,0
Delhi,2022-11,2022,11,0,False,True,0.00977277212962981,0,0.2501141146388495,0,0.04646955599415374,0,-0.1518065448697774,0
Delhi,2022-12,2022,12,2,True,True,0.298441246347508,0,0.630991817012813,0,0.2312946824079961,0,0.054058760740300874,0
Delhi,2023-01,2023,1,2,True,True,0.24476493070703628,0,0.5554312837835239,0,0.2451457338852388,0,0.049080311872516214,0
Delhi,2023-02,2023,2,0,False,True,0.039515112216103404,0,0.22599549541329467,0,0.019610249591777935,0,-0.12764356873212515,0
Delhi,2023-03,2023,3,0,False,False,-0.10947400329200496,0,-0.11970196505145067,0,-0.09253190588125865,0,-0.06612786364246959,0
Delhi,2023-04,2023,4,1,False,False,0.5300197868100887,0,0.312983763492068,0,0.4651793410898951,0,0.6757670873381825,0
Delhi,2023-05,2023,5,2,True,False,0.3007494549649969,0,0.04487050450940619,0,0.25262835059981414,0,0.43429591527267286,0
Delhi,2023-06,2023,6,0,False,False,-0.5133488553286739,0,-0.7162224972287826,0,-0.5252408791611268,0,-0.37122990374129944,0
Delhi,2023-07,2023,7,0,False,False,-1.1757018186233061,0,-1.2152515422760897,0,-1.1669917982988227,0,-1.107538612214075,0
Delhi,2023-08,2023,8,0,False,False,-0.6403562238245166,0,-0.7372172685400384,0,-0.6746867082655755,0,-0.6024353566336498,0
Delhi,2023-09,2023,9,0,False,False,-0.6223896989068101,0,-0.6427127722142237,0,-0.6047618434834771,0,-0.5875001848654167,0
Delhi,2023-10,2023,10,0,False,True,0.20823840495368684,0,0.23210156455229508,0,0.21221059930457842,0,0.15858753518449747,0
Delhi,2023-11,2023,11,2,True,True,0.6938810329290335,0,0.7654883343705626,0,0.7921107656879871,0,0.6154713273414983,0
Delhi,2023-12,2023,12,3,True,True,1.0441018773943704,1,1.2942350991894365,1,1.0773280949309734,1,0.9292733128196738,0
Delhi,2024-01,2024,1,2,True,True,1.0665884762291318,1,1.2355503772285523,1,1.116584270297327,1,1.0419566997638097,1
Delhi,2024-02,2024,2,1,False,True,0.20089149115486216,0,0.17731754437478706,0,0.14425706462089236,0,0.23164431794853527,0
Delhi,2024-03,2024,3,1,False,False,0.29813486877969314,0,0.22220066634471175,0,0.21886337219708124,0,0.32289483289419785,0
Delhi,2024-04,2024,4,1,False,False,0.44742462519303994,0,0.18688163389599452,0,0.3856507060428036,0,0.6148638267202438,0
Delhi,2024-05,2024,5,2,True,False,0.8025727740246142,0,0.7107660387826102,0,0.8106096171192816,0,0.8156572446153656,0
Delhi,2024-06,2024,6,0,False,False,-0.16506120755922354,0,-0.2907793189592962,0,-0.14916928916524072,0,-0.08857068142047145,0
Delhi,2024-07,2024,7,0,False,False,-1.18374427765428,0,-1.236429671869774,0,-1.1356729901465548,0,-1.1094919777310512,0
Delhi,2024-08,2024,8,0,False,False,-1.1696378783604824,0,-1.2148779333915245,0,-1.1928912234878606,0,-1.1245909688730913,0
Delhi,2024-09,2024,9,0,False,False,-0.839659285986116,0,-0.8504536221739378,0,-0.8555608348487604,0,-0.8287950759098951,0
Delhi,2024-10,2024,10,0,False,True,-0.09452172164970903,0,0.015883915423591292,0,-0.08690795278979777,0,-0.19563411006570008,0
Delhi,2024-11,2024,11,2,True,True,0.36877593951951176,0,0.5489811372349456,0,0.45862907238662587,0,0.1915806760363279,0
Delhi,2024-12,2024,12,1,False,True,0.26823619630895856,0,0.4949592331093423,0,0.2856081877742036,0,0.12848521602172866,0
Delhi,2025-01,2025,1,3,True,True,0.7173989760167094,0,0.9707472560012287,0,0.7500450242487957,0,0.5837589378553656,0
Delhi,2025-02,2025,2,0,False,True,0.23180117397174538,0,0.1777673368077711,0,0.23369423708515305,0,0.31106765472733383,0
Delhi,2025-03,2025,3,1,False,False,0.2183636302564957,0,0.0864887963296376,0,0.1920170507921401,0,0.31567839116207164,0
Delhi,2025-04,2025,4,3,True,False,0.7997568889357695,0,0.6811473609938721,0,0.8475188402962022,0,0.8700473859205766,0
Delhi,2025-05,2025,5,1,False,False,0.360563520930975,0,0.21506726340805876,0,0.3739317169661559,0,0.4438819443143409,0
Delhi,2025-06,2025,6,0,False,False,-0.099276483605467,0,-0.1884296604072645,0,-0.09439188352787246,0,-0.04914430247995586,0
Delhi,2025-07,2025,7,0,False,False,-0.9947780112105699,0,-1.1015895982223967,0,-1.0260958440608308,0,-0.8975195957198707,0
Delhi,2025-08,2025,8,0,False,False,-1.1375420394120455,0,-1.2248056400404599,0,-1.176022377646997,0,-1.0815122314478267,0
Delhi,2025-09,2025,9,0,False,False,-0.8906377169223512,0,-1.014855289548755,0,-0.9198658366808931,0,-0.8050112737698037,0
Delhi,2025-10,2025,10,0,False,True,-0.01479007446153344,0,0.08941868610537652,0,0.03601392709914529,0,-0.08834306776348773,0
Delhi,2025-11,2025,11,3,True,True,0.8706958096328463,0,1.1100705030482998,1,0.8085135412889428,0,0.6112012365289146,0
Delhi,2025-12,2025,12,1,False,True,-0.06155567413257863,0,0.19897298552463,0,-0.025358395859945704,0,-0.21410507932766396,0
Delhi,2026-01,2026,1,1,False,True,0.10284973019895305,0,0.5190484592709521,0,0.17323730764465756,0,-0.12203229334302612,0
Delhi,2026-02,2026,2,0,False,True,0.018527749786081543,0,0.1589028011111311,0,0.03775864869643997,0,-0.050530550542532554,0
Delhi,2026-03,2026,3,0,False,False,-0.1357635047953363,0,-0.14506083303700484,0,-0.14960133937285452,0,-0.1330719838882342,0
Delhi,2026-04,2026,4,0,False,False,0.025883621272202367,0,-0.10805689304881597,0,-0.027636326132907507,0,0.09962124617737038,0
Delhi,2026-05,2026,5,0,False,False,-0.01565349413087505,0,-0.1663829602525909,0,0.07600233074576868,0,0.08208919849048399,0
Delhi,2026-06,2026,6,1,False,False,0.004155897668976505,0,-0.2584505740436699,0,-0.10976062158110195,0,0.12392438310594092,0
Dhaka,2018-07,2018,7,1,False,False,-0.46318345542671624,0,-0.6882208946090577,0,-0.491928444700057,0,-0.28634163770224635,0
Dhaka,2018-08,2018,8,0,False,False,-0.5400073122594398,0,-0.7127000592201453,0,-0.564167330473716,0,-0.4091872679605315,0
Dhaka,2018-09,2018,9,0,False,False,-0.48897644935862783,0,-0.5627715646945333,0,-0.5020933456209546,0,-0.4057075841847113,0
Dhaka,2018-10,2018,10,0,False,True,0.20638250385991988,0,0.23272892830960534,0,0.24272169260386298,0,0.20922485744156671,0
Dhaka,2018-11,2018,11,4,True,True,1.0693863757348985,1,1.351951423972972,1,1.0729838324756684,1,0.8466007025195694,0
Dhaka,2018-12,2018,12,2,True,True,0.2163983374499634,0,0.37901216624115786,0,0.24248359571519412,0,0.045410929886350815,0
Dhaka,2019-01,2019,1,3,True,True,0.7402646887701341,0,1.0559399622317813,1,0.7666536765201832,0,0.49838343748886116,0
Dhaka,2019-02,2019,2,1,False,True,0.17918565560557925,0,0.3834825081776632,0,0.13998540338957244,0,-0.00584380185828328,0
Dhaka,2019-03,2019,3,1,False,False,0.6268988307297165,0,0.6627736024500174,0,0.6018997663066439,0,0.5484949020916811,0
Dhaka,2019-04,2019,4,0,False,False,0.4685564778319419,0,0.3642014763967879,0,0.41189026216925295,0,0.4631170946489879,0
Dhaka,2019-05,2019,5,2,True,False,0.46462256896530213,0,0.25411594992025843,0,0.4229445638410656,0,0.5264153280683967,0
Dhaka,2019-06,2019,6,1,False,False,-0.20876265590271625,0,-0.3936141768027334,0,-0.1922622790113231,0,-0.06484258003282506,0
Dhaka,2019-07,2019,7,0,False,False,-0.6874742495023027,0,-0.9189493303373548,0,-0.7508802801181038,0,-0.5240916509796658,0
Dhaka,2019-08,2019,8,0,False,False,-1.0647219113768924,0,-1.2968233515856922,0,-1.0657624520906277,0,-0.8528222306759147,0
Dhaka,2019-09,2019,9,0,False,False,-0.47681593368455855,0,-0.46771165302264794,0,-0.44968572511724525,0,-0.4040555702700056,0
Dhaka,2019-10,2019,10,0,False,True,-0.12906028601440428,0,-0.07853969831996965,0,-0.09471921702200903,0,-0.1198660124195625,0
Dhaka,2019-11,2019,11,1,False,True,-0.11858743503744394,0,0.09163789969059105,0,-0.017398810128715178,0,-0.18763956462677867,0
Dhaka,2019-12,2019,12,0,False,True,0.20589424961564706,0,0.3434868112013019,0,0.2273350912613084,0,0.12275064856511042,0
Dhaka,2020-01,2020,1,1,False,True,0.251676926473273,0,0.3825708334415353,0,0.3203714012028701,0,0.1473849535814251,0
Dhaka,2020-02,2020,2,1,False,True,0.8502587643683623,0,0.8693340827464697,0,0.8250672938038918,0,0.8163529323413361,0
Dhaka,2020-03,2020,3,2,True,False,0.7287496443844734,0,0.6786258211960554,0,0.6703956594574182,0,0.7317138425565067,0
Dhaka,2020-04,2020,4,2,True,False,0.63236877112974,0,0.34927011661555585,0,0.5870168337861252,0,0.748121615221716,0
Dhaka,2020-05,2020,5,1,False,False,0.18371790544902736,0,0.026849786571764955,0,0.1491636679327295,0,0.2532763401863385,0
Dhaka,2020-06,2020,6,0,False,False,-0.7053544153600715,0,-0.8576478916349259,0,-0.6774277593990472,0,-0.5819184228986835,0
Dhaka,2020-07,2020,7,0,False,False,-0.9906667941757247,0,-1.1900930898367816,0,-0.9803434642715363,0,-0.8454602197717227,0
Dhaka,2020-08,2020,8,0,False,False,-0.8283675588367385,0,-0.9032484034221797,0,-0.8823097535648454,0,-0.764698515403579,0
Dhaka,2020-09,2020,9,0,False,False,-0.5895573995215969,0,-0.5591942626550892,0,-0.627861177020846,0,-0.5903117548170733,0
Dhaka,2020-10,2020,10,1,False,True,-0.36200364083493675,0,-0.13696649709413283,0,-0.3001088568802416,0,-0.4391727496935021,0
Dhaka,2020-11,2020,11,1,False,True,0.3758817228256063,0,0.5485415562047495,0,0.39383711303117064,0,0.2869004807187046,0
Dhaka,2020-12,2020,12,2,True,True,0.45329607409857986,0,0.7919579478669755,0,0.5221990419223052,0,0.23781149797852547,0
Dhaka,2021-01,2021,1,2,True,True,0.0017626889495355735,0,0.4025158963161237,0,0.022228733050235094,0,-0.277776284477366,0
Dhaka,2021-02,2021,2,1,False,True,0.6546423901227784,0,0.751137167460533,0,0.6365960114298956,0,0.620899336234221,0
Dhaka,2021-03,2021,3,2,True,False,0.7134712925945139,0,0.8780876693378038,0,0.7310533094414999,0,0.5802063396179983,0
Dhaka,2021-04,2021,4,3,True,False,0.6411056004418304,0,0.6021259871113681,0,0.5800042020339337,0,0.6267854015853338,0
Dhaka,2021-05,2021,5,1,False,False,-0.33636055933771475,0,-0.4642053401072447,0,-0.33470576321298107,0,-0.21025195593861828,0
Dhaka,2021-06,2021,6,0,False,False,-0.7332676960169322,0,-0.864304313391731,0,-0.7674036043759319,0,-0.6316986995212279,0
Dhaka,2021-07,2021,7,0,False,False,-0.7327816994254462,0,-0.9997708988518964,0,-0.7622649521579966,0,-0.560114660288014,0
Dhaka,2021-08,2021,8,0,False,False,-0.5999091058488428,0,-0.7693630985394042,0,-0.5948504776497971,0,-0.48007115774645864,0
Dhaka,2021-09,2021,9,0,False,False,-0.3509296054580861,0,-0.4597819984981216,0,-0.3703879261083606,0,-0.27068479782633315,0
Dhaka,2021-10,2021,10,0,False,True,0.011401188187777467,0,-0.029712259078620004,0,0.01527751303186875,0,0.024919096517510064,0
Dhaka,2021-11,2021,11,2,True,True,0.4773546051658796,0,0.6044242943194948,0,0.547064828549368,0,0.41055663970919193,0
Dhaka,2021-12,2021,12,1,False,True,0.25351090062470916,0,0.3488468939216963,0,0.29738812596826847,0,0.16723074213376513,0
Dhaka,2022-01,2022,1,2,True,True,0.4620200132403147,0,0.6140237053852879,0,0.46017203423097985,0,0.3717907842461489,0
Dhaka,2022-02,2022,2,1,False,True,0.7730933674788831,0,0.8255467365616188,0,0.7342069499571814,0,0.7470670622751315,0
Dhaka,2022-03,2022,3,3,True,False,1.0272409774155493,0,1.02641684619829,0,0.9930196428849585,0,0.9707924177911504,0
Dhaka,2022-04,2022,4,2,True,False,0.7957384187734773,0,0.6304643580832834,0,0.7180048495608187,0,0.7918448831619744,0
Dhaka,2022-05,2022,5,1,False,False,0.12439303528437211,0,-0.0247593016056427,0,0.1176550735147277,0,0.21348738836777653,0
Dhaka,2022-06,2022,6,1,False,False,-0.3385926896333211,0,-0.49132561528479163,0,-0.3561798679530956,0,-0.235592746962201,0
Dhaka,2022-07,2022,7,0,False,False,-0.900311423685839,0,-1.0838567340484553,0,-0.9270323721225748,0,-0.7548659050198324,0
Dhaka,2022-08,2022,8,0,False,False,-1.0072459322017897,0,-1.1401972238639735,0,-1.0117807667454615,0,-0.8830034006073307,0
Dhaka,2022-09,2022,9,0,False,False,-0.6868778126971402,0,-0.6655722253893247,0,-0.6483704306081034,0,-0.6457762101938609,0
Dhaka,2022-10,2022,10,0,False,True,-0.4780631933931537,0,-0.41334622805663046,0,-0.46451529761731897,0,-0.49689074791291876,0
Dhaka,2022-11,2022,11,1,False,True,0.07764842148754886,0,0.29676364019941903,0,0.17193177737888543,0,-0.02042812025938029,0
Dhaka,2022-12,2022,12,1,False,True,0.15095681793109564,0,0.425842041820916,0,0.21288840751899993,0,-0.058425404886660676,0
Dhaka,2023-01,2023,1,3,True,True,0.6948974744116494,0,1.041042505734208,1,0.7147746865435946,0,0.43434881861365443,0
Dhaka,2023-02,2023,2,3,True,True,0.8410627634264896,0,1.0155559587347296,1,0.8210243465345675,0,0.6361972487806999,0
Dhaka,2023-03,2023,3,1,False,False,0.3879056283859311,0,0.517120762841169,0,0.39385631970365553,0,0.2986464635240623,0
Dhaka,2023-04,2023,4,1,False,False,0.612941615183017,0,0.4815518730556411,0,0.5422719079839031,0,0.6431417629137687,0
Dhaka,2023-05,2023,5,1,False,False,0.3766341587109283,0,0.18712757168475685,0,0.34523771016904803,0,0.48181363500119634,0
Dhaka,2023-06,2023,6,1,False,False,-0.4813749953663861,0,-0.6907174088339914,0,-0.4920575435709414,0,-0.3156414491322008,0
Dhaka,2023-07,2023,7,0,False,False,-1.0450364282743176,0,-1.2436805497694514,0,-1.0756504653867422,0,-0.8837640907872386,0
Dhaka,2023-08,2023,8,0,False,False,-0.7996750017704641,0,-0.9154481114637305,0,-0.8078750630858439,0,-0.7002191066384812,0
Dhaka,2023-09,2023,9,0,False,False,-0.7110747393030534,0,-0.7694845639551926,0,-0.7097639456569557,0,-0.6225233800062844,0
Dhaka,2023-10,2023,10,0,False,True,-0.26091895375069973,0,-0.2913347409609312,0,-0.2696905779997825,0,-0.23048137420177547,0
Dhaka,2023-11,2023,11,1,False,True,0.15031202156917756,0,0.294601155947355,0,0.2386897345731268,0,0.09922700394755973,0
Dhaka,2023-12,2023,12,1,False,True,0.23432645677772623,0,0.3736655469854367,0,0.29918289019236866,0,0.15925446798503629,0
Dhaka,2024-01,2024,1,1,False,True,0.740798550289161,0,0.8160344533066461,0,0.7485662106164708,0,0.6672571556625962,0
Dhaka,2024-02,2024,2,1,False,True,0.4392038806845445,0,0.5635583719824858,0,0.4148173815552159,0,0.31357015593426874,0
Dhaka,2024-03,2024,3,1,False,False,0.6084710180790647,0,0.5926977053145227,0,0.5129727050577305,0,0.5407415364088772,0
Dhaka,2024-04,2024,4,4,True,False,0.9392866954293657,0,0.7503463721895139,0,0.8496464380320462,0,0.9832944071131171,0
Dhaka,2024-05,2024,5,1,False,False,0.45631548584538356,0,0.3216967249465518,0,0.481558339591426,0,0.5608309266524308,0
Dhaka,2024-06,2024,6,0,False,False,-0.39274620679073524,0,-0.5609825639444256,0,-0.38283560066988304,0,-0.2850961080096042,0
Dhaka,2024-07,2024,7,0,False,False,-1.049913112133984,0,-1.1530114073563158,0,-1.0775683463776065,0,-0.9424450700304832,0
Dhaka,2024-08,2024,8,0,False,False,-1.035653012440209,0,-1.1589889398016833,0,-1.0539576398862334,0,-0.9228970040198228,0
Dhaka,2024-09,2024,9,0,False,False,-0.7525731537179159,0,-0.7343517356198354,0,-0.7294196634948447,0,-0.7105240725128583,0
Dhaka,2024-10,2024,10,0,False,True,-0.4134352842523622,0,-0.34657390278484684,0,-0.4020710951558498,0,-0.4298106184422558,0
Dhaka,2024-11,2024,11,1,False,True,0.10085653962210117,0,0.3240925109946453,0,0.20790822814594073,0,0.004223568762373939,0
Dhaka,2024-12,2024,12,1,False,True,0.3593885993855851,0,0.5854824107727403,0,0.4303830425855868,0,0.22085512248135944,0
Dhaka,2025-01,2025,1,2,True,True,0.616594071637945,0,0.8342361848349963,0,0.7040959128298601,0,0.48357753425016736,0
Dhaka,2025-02,2025,2,2,True,True,0.8161420127265222,0,0.9184343019922667,0,0.7818368131309639,0,0.7037026301799671,0
Dhaka,2025-03,2025,3,3,True,False,0.9788048725842103,0,0.9610441883056074,0,0.8700213474955429,0,0.8942182781090652,0
Dhaka,2025-04,2025,4,2,True,False,0.7088189559992324,0,0.5788551703283387,0,0.6822669935045353,0,0.7680492380032335,0
Dhaka,2025-05,2025,5,1,False,False,0.11019919161517612,0,-0.025514938747488836,0,0.05668599881332498,0,0.19471979265145972,0
Dhaka,2025-06,2025,6,0,False,False,-0.6802088298701136,0,-0.8539337503912885,0,-0.7264940518302809,0,-0.5594159540563528,0
Dhaka,2025-07,2025,7,0,False,False,-0.6737328191833857,0,-0.7738845677583607,0,-0.6874827487840954,0,-0.571695292920845,0
Dhaka,2025-08,2025,8,0,False,False,-0.827420713883833,0,-0.9320501489987443,0,-0.8558189635263882,0,-0.7384295737340365,0
Dhaka,2025-09,2025,9,0,False,False,-0.8228312719802524,0,-0.8355117574595692,0,-0.8287785203303186,0,-0.7904268829223944,0
Dhaka,2025-10,2025,10,0,False,True,-0.30828595953929877,0,-0.31338577057461575,0,-0.27549628139562443,0,-0.2570229356414074,0
Dhaka,2025-11,2025,11,1,False,True,-0.10771785693604352,0,0.0650943696310502,0,-0.00801202331510395,0,-0.20044160504411637,0
Dhaka,2025-12,2025,12,2,True,True,0.18963834682983738,0,0.37661671883780545,0,0.2871755234075812,0,0.07316477112525605,0
Dhaka,2026-01,2026,1,2,True,True,0.4204876289504328,0,0.7361876910754347,0,0.5405128896980477,0,0.21445729944012346,0
Dhaka,2026-02,2026,2,0,False,True,0.4242456274975647,0,0.5515864444965707,0,0.43552717780330363,0,0.33991306436278224,0
Dhaka,2026-03,2026,3,1,False,False,0.2097793792374507,0,0.25027381680057614,0,0.15777413205887364,0,0.1474842778632824,0
Dhaka,2026-04,2026,4,1,False,False,0.21627769456757295,0,0.08951214433479521,0,0.15516102792836564,0,0.25780330721812705,0
Dhaka,2026-05,2026,5,1,False,False,-0.7741685060162913,0,-0.9530660274649851,0,-0.8431168706872358,0,-0.6101114302590485,0
Dhaka,2026-06,2026,6,0,False,False,-0.49662182423673207,0,-0.6744940692423963,0,-0.4458583568013578,0,-0.349546518625267,0
Dushanbe,2018-07,2018,7,1,False,False,-0.22669647053061487,0,-0.3631508931364298,0,-0.22055807410194683,0,-0.1819269214698888,0
Dushanbe,2018-08,2018,8,1,False,False,-0.20309948187853769,0,-0.2623455524628475,0,-0.20073582791517053,0,-0.23968216172212464,0
Dushanbe,2018-09,2018,9,0,False,False,-0.4867824532621102,0,-0.4821659112382775,0,-0.481131015731178,0,-0.5289035486868078,0
Dushanbe,2018-10,2018,10,0,False,True,-0.11245540612769563,0,-0.21096733268818546,0,-0.12201711110597248,0,0.020887891432070815,0
Dushanbe,2018-11,2018,11,2,True,True,0.12664582446765174,0,0.3536655085667527,0,0.1275888967593045,0,0.029124569140883932,0
Dushanbe,2018-12,2018,12,3,True,True,0.9023879873313058,0,0.9649641809589862,0,0.8968531320949624,0,0.9005001713058659,0
Dushanbe,2019-01,2019,1,1,False,True,0.34296938543706174,0,0.3811196420847345,0,0.25110283723198207,0,0.2510868521838696,0
Dushanbe,2019-02,2019,2,2,True,True,0.4937873533871601,0,0.4689591923619277,0,0.49640280158183536,0,0.5352119024910356,0
Dushanbe,2019-03,2019,3,1,False,False,-0.03653752941459609,0,-0.1219975641654237,0,-0.009630242646694931,0,0.050869328386891066,0
Dushanbe,2019-04,2019,4,0,False,False,-0.4207033525679622,0,-0.4530046418292018,0,-0.3970179033112986,0,-0.3896491901023738,0
Dushanbe,2019-05,2019,5,0,False,False,-0.23892638245846523,0,-0.3414038980632174,0,-0.2181716700752698,0,-0.14300203293366232,0
Dushanbe,2019-06,2019,6,0,False,False,-0.44474030365556033,0,-0.6669636959521058,0,-0.4900368425940958,0,-0.28463169788540055,0
Dushanbe,2019-07,2019,7,1,False,False,-0.10982378396524722,0,-0.08242224382117597,0,-0.07257656325737571,0,-0.18083503868802525,0
Dushanbe,2019-08,2019,8,1,False,False,0.14890013803413316,0,0.15904738986633216,0,0.17132546910986424,0,0.05291797045392249,0
Dushanbe,2019-09,2019,9,1,False,False,-0.4531648710824985,0,-0.45386471066527656,0,-0.44927481276939985,0,-0.49752988202514115,0
Dushanbe,2019-10,2019,10,0,False,True,-0.568806408638786,0,-0.526384231196167,0,-0.593123556941136,0,-0.5864337833056993,0
Dushanbe,2019-11,2019,11,1,False,True,0.7566265521904131,0,1.0053214961112673,0,0.8328562950146384,0,0.6817360984571283,0
Dushanbe,2019-12,2019,12,2,True,True,0.5304192027343555,0,0.6315932652683165,0,0.47814418865695973,0,0.5102594729674621,0
Dushanbe,2020-01,2020,1,4,True,True,1.4449072542296884,1,1.5493786263219254,1,1.38626795242499,1,1.427920024140355,1
Dushanbe,2020-02,2020,2,1,False,True,0.11531090839555805,0,0.076872537321859,0,0.10266554763258398,0,0.18519062982191753,0
Dushanbe,2020-03,2020,3,1,False,False,-0.20056721031212765,0,-0.31014835875607244,0,-0.21246783047051615,0,-0.0929734582027591,0
Dushanbe,2020-04,2020,4,0,False,False,-0.1647737579596833,0,-0.19855513892430346,0,-0.14242774458585916,0,-0.11708223824991515,0
Dushanbe,2020-05,2020,5,0,False,False,-0.4749352323490032,0,-0.5590817618956033,0,-0.48572797352786873,0,-0.4354494027644683,0
Dushanbe,2020-06,2020,6,0,False,False,-0.5721410831975818,0,-0.6687256648590816,0,-0.6057136453951608,0,-0.5391750987524423,0
Dushanbe,2020-07,2020,7,0,False,False,-0.7963159853081759,0,-0.860329934671157,0,-0.8228309313320502,0,-0.7586548119306572,0
Dushanbe,2020-08,2020,8,1,False,False,-0.4212356812191314,0,-0.46583670982030784,0,-0.43835955845579955,0,-0.4539634648441938,0
Dushanbe,2020-09,2020,9,1,False,False,0.042532961738507735,0,-0.050600043779403414,0,0.02340866949697845,0,0.018618329108389897,0
Dushanbe,2020-10,2020,10,0,False,True,0.061814181815573604,0,0.15736836355152756,0,0.0515052343930571,0,-0.040033859925577606,0
Dushanbe,2020-11,2020,11,1,False,True,0.30476665862167746,0,0.5241803691012012,0,0.41370316030089976,0,0.22247862925123826,0
Dushanbe,2020-12,2020,12,1,False,True,0.660636985544699,0,0.8054777164094155,0,0.7299771195187459,0,0.5831247223481144,0
Dushanbe,2021-01,2021,1,2,True,True,0.746407084648409,0,0.8681790239555316,0,0.7125906719116215,0,0.6712322893797164,0
Dushanbe,2021-02,2021,2,0,False,True,-0.12112744425269929,0,-0.06868881565304098,0,-0.11594143372281825,0,-0.11308620537884786,0
Dushanbe,2021-03,2021,3,1,False,False,0.09863369738932065,0,-0.0761995599014442,0,0.09353370832437916,0,0.25056102420382065,0
Dushanbe,2021-04,2021,4,0,False,False,-0.2994933594560824,0,-0.3824432199281038,0,-0.2657803524670034,0,-0.2024509081969236,0
Dushanbe,2021-05,2021,5,0,False,False,-0.759501347592707,0,-0.829334161563209,0,-0.752577703103993,0,-0.6909063969396118,0
Dushanbe,2021-06,2021,6,0,False,False,-0.7488366208967745,0,-0.8620970829806662,0,-0.777362888674356,0,-0.6714586047412839,0
Dushanbe,2021-07,2021,7,1,False,False,-0.45092053301465906,0,-0.5636442230136907,0,-0.4744744799117475,0,-0.4206069921648007,0
Dushanbe,2021-08,2021,8,2,True,False,0.2625594196641665,0,0.3313828051022685,0,0.33011790861595014,0,0.13913239959560578,0
Dushanbe,2021-09,2021,9,1,False,False,-0.21777710223315422,0,-0.17800266225322842,0,-0.20981192369869356,0,-0.33251512561542684,0
Dushanbe,2021-10,2021,10,0,False,True,0.08916934698105705,0,0.15761489543908563,0,0.06638026627143229,0,0.020725923857665002,0
Dushanbe,2021-11,2021,11,2,True,True,0.5998859078427476,0,0.792399364164168,0,0.6158842133215736,0,0.5026485497138307,0
Dushanbe,2021-12,2021,12,2,True,True,0.8010009509203735,0,0.8108336366323279,0,0.7774420131336528,0,0.8467240462862538,0
Dushanbe,2022-01,2022,1,2,True,True,0.6218313755021369,0,0.6558527034799416,0,0.60892469318121,0,0.6614691987661286,0
Dushanbe,2022-02,2022,2,2,True,True,0.6059860048793886,0,0.55369479755245,0,0.6014168047064822,0,0.698865540654213,0
Dushanbe,2022-03,2022,3,1,False,False,-0.05456070889840522,0,0.03713111791871827,0,0.030557053514676816,0,-0.09086326316186906,0
Dushanbe,2022-04,2022,4,0,False,False,-0.14458182198346348,0,-0.22254455320211014,0,-0.1363574220881089,0,-0.11949792262479728,0
Dushanbe,2022-05,2022,5,0,False,False,-0.43314919497426235,0,-0.514570909884045,0,-0.4390150275531741,0,-0.38950207052398367,0
Dushanbe,2022-06,2022,6,0,False,False,-0.2762656668044714,0,-0.41823975668600966,0,-0.30175023666135153,0,-0.20009904266115452,0
Dushanbe,2022-07,2022,7,1,False,False,-0.04059629299710832,0,-0.11659436293188608,0,-0.03444740088814813,0,-0.05662249391612156,0
Dushanbe,2022-08,2022,8,1,False,False,-0.24237360646134132,0,-0.26128892838637163,0,-0.23542880863935564,0,-0.2819319535918988,0
Dushanbe,2022-09,2022,9,1,False,False,-0.3764537892181076,0,-0.4311090139972673,0,-0.37380575602409327,0,-0.3907192488393929,0
Dushanbe,2022-10,2022,10,0,False,True,-0.6669111853500747,0,-0.6836923308090848,0,-0.7021373543217216,0,-0.6659762847561965,0
Dushanbe,2022-11,2022,11,1,False,True,-0.2569364985055942,0,-0.1438034991028737,0,-0.32917046320968,0,-0.3222553916698626,0
Dushanbe,2022-12,2022,12,3,True,True,1.2640113848113004,1,1.5451647360485348,1,1.3112139179832607,1,1.1571329323249326,1
Dushanbe,2023-01,2023,1,4,True,True,1.4786548363975835,1,1.5960045061177537,1,1.4527229062471123,1,1.4300537415535048,1
Dushanbe,2023-02,2023,2,1,False,True,-0.2640529692520077,0,-0.3844615799323548,0,-0.32693132776916145,0,-0.14088550865692168,0
Dushanbe,2023-03,2023,3,0,False,False,-0.7307159436347559,0,-0.8582942752461347,0,-0.761651778256363,0,-0.6042243063342898,0
Dushanbe,2023-04,2023,4,0,False,False,-0.36427988045081805,0,-0.47554294615414,0,-0.3656767071827097,0,-0.27718313251055415,0
Dushanbe,2023-05,2023,5,0,False,False,-0.17748304943318743,0,-0.32649601667620626,0,-0.18797316362644365,0,-0.07673808343997132,0
Dushanbe,2023-06,2023,6,1,False,False,-0.16646435510690388,0,-0.22209445702817754,0,-0.1711470074464126,0,-0.19280974069245455,0
Dushanbe,2023-07,2023,7,1,False,False,-0.03808460514442713,0,-0.030630828645219876,0,-0.016561831783272474,0,-0.11612652925680172,0
Dushanbe,2023-08,2023,8,1,False,False,-0.2274898007510584,0,-0.23165234997580755,0,-0.216546316200255,0,-0.28466522778243913,0
Dushanbe,2023-09,2023,9,0,False,False,-0.3532222731056526,0,-0.34769265514083475,0,-0.33746455147618437,0,-0.4144865645905955,0
Dushanbe,2023-10,2023,10,0,False,True,-0.18780083473533046,0,-0.10243788010952982,0,-0.1909457791501152,0,-0.24226656389391799,0
Dushanbe,2023-11,2023,11,1,False,True,-1.0929187643712868e-05,0,0.14105738154434783,0,0.04735138393826853,0,-0.03956355465500554,0
Dushanbe,2023-12,2023,12,3,True,True,1.0309498044042056,1,1.242241101246304,1,1.0748241727055403,1,0.9588954702594533,0
Dushanbe,2024-01,2024,1,3,True,True,0.8802808283314572,0,0.9499354010790636,0,0.8618756262434969,0,0.8842134093257036,0
Dushanbe,2024-02,2024,2,2,True,True,0.8391215740302163,0,0.8303491675357897,0,0.7488837002409497,0,0.8514551224626203,0
Dushanbe,2024-03,2024,3,1,False,False,0.1623124396436612,0,0.14616880551013609,0,0.17371872858996598,0,0.2119308214461501,0
Dushanbe,2024-04,2024,4,1,False,False,-0.23479042587162063,0,-0.35639874073690836,0,-0.2289273586679106,0,-0.11855049251173697,0
Dushanbe,2024-05,2024,5,0,False,False,-0.5074141163489005,0,-0.5604815867824676,0,-0.5027486680425179,0,-0.4693489470933103,0
Dushanbe,2024-06,2024,6,0,False,False,-0.37024358576146854,0,-0.48223333527334744,0,-0.38380315796683295,0,-0.3267288140819972,0
Dushanbe,2024-07,2024,7,1,False,False,-0.33789330411042906,0,-0.45341045885286213,0,-0.34934929540929616,0,-0.3172313856042615,0
Dushanbe,2024-08,2024,8,1,False,False,-0.04585493565940324,0,-0.05875721079152113,0,-0.028920174128095943,0,-0.12731036963817333,0
Dushanbe,2024-09,2024,9,1,False,False,-0.14687959302267323,0,-0.16856190353302536,0,-0.144708592150478,0,-0.1945021521131438,0
Dushanbe,2024-10,2024,10,0,False,True,-0.6763129648815696,0,-0.6527371087239128,0,-0.6942414580369604,0,-0.6836071364438554,0
Dushanbe,2024-11,2024,11,0,False,True,-0.5651399707058171,0,-0.48800237568229676,0,-0.5643586339868327,0,-0.593766341157418,0
Dushanbe,2024-12,2024,12,2,True,True,1.0028140543565462,1,1.2941293462513501,1,1.1125792833145107,1,0.8834462854094218,0
Dushanbe,2025-01,2025,1,4,True,True,1.0733766232529087,1,1.289669536250786,1,1.1454162589326662,1,1.0260352919302769,1
Dushanbe,2025-02,2025,2,2,True,True,0.15095578956732192,0,0.11066151010156675,0,0.22068538437235807,0,0.2530198743022037,0
Dushanbe,2025-03,2025,3,1,False,False,-0.3358566548783697,0,-0.5001356735725484,0,-0.3136688212251826,0,-0.16070701130356663,0
Dushanbe,2025-04,2025,4,0,False,False,-0.41414606061899895,0,-0.48731402525373363,0,-0.38814731959457516,0,-0.3395341590991428,0
Dushanbe,2025-05,2025,5,0,False,False,-0.36564079188344367,0,-0.46668469918615085,0,-0.3454403072807826,0,-0.312940434205342,0
Dushanbe,2025-06,2025,6,0,False,False,-0.09690994306504752,0,-0.10965674793190204,0,-0.10827578904224325,0,-0.14292083474762074,0
Dushanbe,2025-07,2025,7,1,False,False,-0.000994470998738256,0,-0.027178280733957866,0,-0.019632483229463094,0,-0.05612431024379097,0
Dushanbe,2025-08,2025,8,2,True,False,0.2281321637727205,0,0.2574377470495612,0,0.20967968818053065,0,0.114213939464819,0
Dushanbe,2025-09,2025,9,0,False,False,-0.2853246008857254,0,-0.3236391893607091,0,-0.3658429351315844,0,-0.32438470825852955,0
Dushanbe,2025-10,2025,10,0,False,True,-0.6347353701896014,0,-0.6464638013069401,0,-0.6501822491568495,0,-0.6497228491935503,0
Dushanbe,2025-11,2025,11,2,True,True,0.5739925416277568,0,0.7724369047857625,0,0.5219542738234315,0,0.42021218747654066,0
Dushanbe,2025-12,2025,12,1,False,True,0.10715077429921677,0,0.13086671915826698,0,0.09345429935169422,0,0.17285301387770163,0
Dushanbe,2026-01,2026,1,4,True,True,1.6583662281184552,1,1.7410390899564914,1,1.676783900239294,1,1.6439494715789102,1
Dushanbe,2026-02,2026,2,0,False,True,-0.05498329722943403,0,0.023319182979117878,0,-0.060680943154739875,0,-0.09114783255539698,0
Dushanbe,2026-03,2026,3,0,False,False,-0.4838622572652351,0,-0.510807981614448,0,-0.431789455375721,0,-0.38906853903040906,0
Dushanbe,2026-04,2026,4,0,False,False,-0.4537062618719365,0,-0.49842592896119187,0,-0.457774749115481,0,-0.42468546110268085,0
Dushanbe,2026-05,2026,5,1,False,False,-0.29060562764239034,0,-0.30255778224372387,0,-0.2766094546790224,0,-0.33799018480829235,0
Dushanbe,2026-06,2026,6,1,False,False,-0.3752087841094611,0,-0.4525665801162484,0,-0.4499292979143318,0,-0.4010574540821316,0
Faisalabad,2018-07,2018,7,1,False,False,-0.14129665413721507,0,-0.3709226065428045,0,-0.14525455856215277,0,0.021900475707046535,0
Faisalabad,2018-08,2018,8,0,False,False,-0.3359139176390076,0,-0.5293489871463354,0,-0.3583049890522594,0,-0.22354620962403793,0
Faisalabad,2018-09,2018,9,0,False,False,-0.41312700145071435,0,-0.5338700732436972,0,-0.4387946242404891,0,-0.3277782853899063,0
Faisalabad,2018-10,2018,10,0,False,True,0.5418367725576111,0,0.5030061410926872,0,0.5908573221501754,0,0.5798501205929343,0
Faisalabad,2018-11,2018,11,1,False,True,-0.051011452884340516,0,0.11026565280148284,0,-0.10340823138177245,0,-0.24143195774723886,0
Faisalabad,2018-12,2018,12,3,True,True,0.39951225355367026,0,0.8208698730386708,0,0.4549050810865026,0,0.19100585646120577,0
Faisalabad,2019-01,2019,1,2,True,True,0.6365575245340891,0,0.869883723276788,0,0.682808854010671,0,0.48679695256479055,0
Faisalabad,2019-02,2019,2,0,False,True,-0.41564205458036996,0,-0.4631043733483089,0,-0.46820820547544795,0,-0.3934600337234898,0
Faisalabad,2019-03,2019,3,0,False,False,-0.32812658049403665,0,-0.4915725417183915,0,-0.3919121008558304,0,-0.2375549537518919,0
Faisalabad,2019-04,2019,4,0,False,False,-0.04536120727684584,0,-0.08215404043973364,0,-0.08706066535677842,0,-0.07578574193321877,0
Faisalabad,2019-05,2019,5,2,True,False,0.8813917933330799,0,0.8698307759534588,0,0.9373378659123718,0,0.8945089912942884,0
Faisalabad,2019-06,2019,6,2,True,False,0.7654002227828067,0,0.62679716220124,0,0.8022619182060609,0,0.8635479201765046,0
Faisalabad,2019-07,2019,7,0,False,False,-0.5728777548595386,0,-0.7757144256623403,0,-0.5880065168623683,0,-0.4400084211225632,0
Faisalabad,2019-08,2019,8,0,False,False,-0.7421470752067856,0,-0.7700484747346076,0,-0.7197078703174622,0,-0.6959964903702808,0
Faisalabad,2019-09,2019,9,0,False,False,-0.5783360377333536,0,-0.4594241966068128,0,-0.5480335317724543,0,-0.6867233177274797,0
Faisalabad,2019-10,2019,10,1,False,True,-0.2048814826882835,0,-0.09782296216674644,0,-0.15660449401147442,0,-0.31099048300367227,0
Faisalabad,2019-11,2019,11,0,False,True,-0.6659365372727538,0,-0.5124825435179751,0,-0.6646096841007881,0,-0.7294304956812768,0
Faisalabad,2019-12,2019,12,3,True,True,1.2699591894620053,1,1.2858118967634378,1,1.2017344306235138,1,1.325096073278308,1
Faisalabad,2020-01,2020,1,2,True,True,0.3645179016562086,0,0.3354127766614062,0,0.32736320193800444,0,0.4304914758336835,0
Faisalabad,2020-02,2020,2,1,False,True,0.21554717727520256,0,0.17864538055227527,0,0.21323815718428227,0,0.25791210965299494,0
Faisalabad,2020-03,2020,3,1,False,False,-0.2762379562879221,0,-0.507164023091163,0,-0.3412094965880994,0,-0.11551081476531555,0
Faisalabad,2020-04,2020,4,1,False,False,-0.1685088948515755,0,-0.34779573574000494,0,-0.22342279285682487,0,-0.07188028411273258,0
Faisalabad,2020-05,2020,5,1,False,False,0.3970323445782117,0,0.3518175224399587,0,0.4241908877032552,0,0.414161437638068,0
Faisalabad,2020-06,2020,6,1,False,False,0.1033884773533002,0,0.02836445452911962,0,0.11041064884710039,0,0.09642904721858586,0
Faisalabad,2020-07,2020,7,0,False,False,-0.644473435276213,0,-0.7209196219039206,0,-0.6340665302227088,0,-0.5947473178130732,0
Faisalabad,2020-08,2020,8,0,False,False,-1.2470952664435562,0,-1.2704793161215724,0,-1.237535192636737,0,-1.196956941388478,0
Faisalabad,2020-09,2020,9,0,False,False,-0.5140759881596243,0,-0.4708250004962895,0,-0.505014938866824,0,-0.5380798958761793,0
Faisalabad,2020-10,2020,10,1,False,True,0.03526459830037984,0,0.1353472233300906,0,0.08325588724822708,0,-0.07738039674871439,0
Faisalabad,2020-11,2020,11,3,True,True,0.8099468025072649,0,1.0768635783847353,1,0.863319736074955,0,0.6142402595401236,0
Faisalabad,2020-12,2020,12,2,True,True,0.9246942393483221,0,1.2107327614553625,1,0.919470432175368,0,0.7813213208210369,0
Faisalabad,2021-01,2021,1,1,False,True,0.17124938066219614,0,0.4253277952285094,0,0.21006202239819427,0,0.05135737150604974,0
Faisalabad,2021-02,2021,2,1,False,True,-0.11900975767235694,0,0.10427792049533305,0,-0.005427875010206806,0,-0.20972308491325448,0
Faisalabad,2021-03,2021,3,1,False,False,-0.43848481608144474,0,-0.6900770232635701,0,-0.4802192075732161,0,-0.26464836826804716,0
Faisalabad,2021-04,2021,4,1,False,False,0.05289849713182235,0,-0.13622539467540282,0,-0.03405332098429856,0,0.1776927748851234,0
Faisalabad,2021-05,2021,5,1,False,False,0.032258264218675045,0,-0.05937154221941378,0,0.024281964961509417,0,0.12512588054811447,0
Faisalabad,2021-06,2021,6,0,False,False,-0.2938004487232045,0,-0.41079127865698634,0,-0.326381664744201,0,-0.20431414680229426,0
Faisalabad,2021-07,2021,7,0,False,False,-0.40183856062299617,0,-0.5493051073890294,0,-0.39256671254451414,0,-0.3099749493425777,0
Faisalabad,2021-08,2021,8,0,False,False,-0.19497227903746803,0,-0.3072705831855035,0,-0.2096194923280733,0,-0.17554176487503717,0
Faisalabad,2021-09,2021,9,0,False,False,-0.7058903799545244,0,-0.7392550076200212,0,-0.7121722127193476,0,-0.6887455267335554,0
Faisalabad,2021-10,2021,10,1,False,True,-0.05358156555868465,0,-0.017623769650081472,0,-0.021284586237470815,0,-0.09777607318558551,0
Faisalabad,2021-11,2021,11,3,True,True,0.7120423555793451,0,0.972540549980248,0,0.7270538734647644,0,0.4654022993679239,0
Faisalabad,2021-12,2021,12,2,True,True,1.239129310058642,1,1.40777344095592,1,1.2203272113168613,1,1.1311455878131407,1
Faisalabad,2022-01,2022,1,2,True,True,0.7494809037823951,0,0.877817338928865,0,0.7809691300979769,0,0.7478838328681728,0
Faisalabad,2022-02,2022,2,3,True,True,0.6567681238965699,0,0.6367978747956594,0,0.7359685552256077,0,0.7622660642482911,0
Faisalabad,2022-03,2022,3,1,False,False,0.44249479006020076,0,0.5138747450358028,0,0.47301277597346936,0,0.369744826834875,0
Faisalabad,2022-04,2022,4,1,False,False,0.6397653924510212,0,0.5440138795500522,0,0.651146943376264,0,0.6905606145321463,0
Faisalabad,2022-05,2022,5,1,False,False,0.7015346045490944,0,0.6592603120428164,0,0.728604065171504,0,0.6932168825328919,0
Faisalabad,2022-06,2022,6,1,False,False,0.22448385925139847,0,0.06643533227074588,0,0.22079216464250578,0,0.323325178036523,0
Faisalabad,2022-07,2022,7,0,False,False,-1.0183295283204616,0,-1.1343191468673641,0,-1.0203830733479204,0,-0.9201201848115269,0
Faisalabad,2022-08,2022,8,0,False,False,-1.275657261226247,0,-1.421413007787508,0,-1.333514635653256,0,-1.1948860524220548,0
Faisalabad,2022-09,2022,9,0,False,False,-0.7623121945044282,0,-0.8312529677041894,0,-0.76969493918634,0,-0.7146093894449953,0
Faisalabad,2022-10,2022,10,0,False,True,-0.27260493967970933,0,-0.22542893872145764,0,-0.2615869892048147,0,-0.3458182577023273,0
Faisalabad,2022-11,2022,11,0,False,True,-0.19670060280902585,0,-0.006534160738550718,0,-0.22603105671470725,0,-0.34758172605635007,0
Faisalabad,2022-12,2022,12,1,False,True,0.11107685254919841,0,0.3207487391951311,0,0.020717059619716455,0,-0.0639817886156365,0
Faisalabad,2023-01,2023,1,2,True,True,0.25271018269484163,0,0.46337059602711933,0,0.25407054041223565,0,0.20353701623269982,0
Faisalabad,2023-02,2023,2,0,False,True,-0.41166284437773293,0,-0.28318977057778355,0,-0.3629025058824271,0,-0.4729131913266805,0
Faisalabad,2023-03,2023,3,0,False,False,-0.7928836168886004,0,-0.8829809077368029,0,-0.8367056413999792,0,-0.7137271818503481,0
Faisalabad,2023-04,2023,4,1,False,False,0.2035138950687035,0,-0.05489758477736874,0,0.16127324229981788,0,0.39136441641216774,0
Faisalabad,2023-05,2023,5,2,True,False,0.46723691266414946,0,0.25096527601178253,0,0.4478309006619001,0,0.6247276104542698,0
Faisalabad,2023-06,2023,6,0,False,False,-0.10228259025651262,0,-0.2059438094899366,0,-0.1197146687965715,0,-0.05876233573453257,0
Faisalabad,2023-07,2023,7,0,False,False,-0.8149472475106322,0,-0.8106301721115508,0,-0.8003430609659634,0,-0.7943840103837814,0
Faisalabad,2023-08,2023,8,1,False,False,-0.3326172653906929,0,-0.41946936929219136,0,-0.3447858421061155,0,-0.3364016613994761,0
Faisalabad,2023-09,2023,9,0,False,False,-0.5297892473119088,0,-0.5302909062913026,0,-0.5434609208973008,0,-0.5747902636934871,0
Faisalabad,2023-10,2023,10,1,False,True,0.1317385425311729,0,0.2803113244185641,0,0.20479978610390331,0,-0.014695867481216762,0
Faisalabad,2023-11,2023,11,1,False,True,0.8504836964582588,0,0.973065645132273,0,0.921565117679715,0,0.7589722579321458,0
Faisalabad,2023-12,2023,12,2,True,True,1.0784995823189547,1,1.219689678687196,1,1.018373052890786,1,0.9870732108382428,0
Faisalabad,2024-01,2024,1,2,True,True,1.064965457646505,1,1.1836191650848547,1,1.0036035560103678,1,1.0178373232192817,1
Faisalabad,2024-02,2024,2,1,False,True,-0.007353879221333737,0,-0.12424967918819105,0,-0.0704166490074416,0,0.07406908572047996,0
Faisalabad,2024-03,2024,3,0,False,False,-0.2995873635586936,0,-0.4701191987316612,0,-0.38525552242879496,0,-0.21365909064769859,0
Faisalabad,2024-04,2024,4,1,False,False,0.20128244141486512,0,-0.037764142145881766,0,0.13955872677987635,0,0.37992870765495573,0
Faisalabad,2024-05,2024,5,2,True,False,0.5854020270469245,0,0.561702515389507,0,0.6222826090266848,0,0.6072345964527266,0
Faisalabad,2024-06,2024,6,0,False,False,0.12538649909042346,0,0.0714016030428575,0,0.14816155168584863,0,0.16586519641101688,0
Faisalabad,2024-07,2024,7,0,False,False,-0.8160496554115864,0,-0.8390229088266563,0,-0.778161109968097,0,-0.7810879394069103,0
Faisalabad,2024-08,2024,8,0,False,False,-1.205389981279835,0,-1.224635108296077,0,-1.2091881334679,0,-1.1829184614432644,0
Faisalabad,2024-09,2024,9,0,False,False,-0.5861903096830497,0,-0.572682603922839,0,-0.5911960718828084,0,-0.6083190953620451,0
Faisalabad,2024-10,2024,10,0,False,True,-0.09319578956211876,0,0.056019617956977685,0,-0.044700441446678535,0,-0.1974911744538719,0
Faisalabad,2024-11,2024,11,2,True,True,0.7971102843829987,0,1.0201106975075835,1,0.9033584075624352,0,0.5751084417123706,0
Faisalabad,2024-12,2024,12,1,False,True,0.2336202691349023,0,0.3756200421295285,0,0.2619530771365103,0,0.16343241014296045,0
Faisalabad,2025-01,2025,1,2,True,True,0.5903250698134705,0,0.7195096645656595,0,0.5581839105693027,0,0.5307926380595769,0
Faisalabad,2025-02,2025,2,1,False,True,-0.043768401427382114,0,-0.17722032305905008,0,-0.032866288698619794,0,0.11732216762088374,0
Faisalabad,2025-03,2025,3,1,False,False,-0.18463221915744837,0,-0.3740922935072806,0,-0.22422167948192243,0,-0.02507835196049217,0
Faisalabad,2025-04,2025,4,3,True,False,0.7960186924450275,0,0.7426275088803574,0,0.8301626590437744,0,0.8293959130011217,0
Faisalabad,2025-05,2025,5,2,True,False,0.9655606004526199,0,0.9597133822980854,0,1.0512016777010094,0,0.9614675144554712,0
Faisalabad,2025-06,2025,6,0,False,False,0.10358612767473785,0,0.09162080062263332,0,0.15714719030809163,0,0.11661514400818675,0
Faisalabad,2025-07,2025,7,0,False,False,-0.9204211146551271,0,-0.990462848975922,0,-0.9229220078581983,0,-0.8484592381556513,0
Faisalabad,2025-08,2025,8,0,False,False,-1.0653404985358734,0,-1.1709749975662265,0,-1.09556365770967,0,-1.012395150217954,0
Faisalabad,2025-09,2025,9,0,False,False,-0.8855060238481284,0,-0.9993943378921086,0,-0.9430308438904054,0,-0.8469106780223113,0
Faisalabad,2025-10,2025,10,0,False,True,0.014551867766194826,0,0.10648246675908762,0,0.03630264208063645,0,-0.10755220874403351,0
Faisalabad,2025-11,2025,11,2,True,True,0.4745528685987948,0,0.7035592171307747,0,0.4585290896129917,0,0.2807558113195412,0
Faisalabad,2025-12,2025,12,2,True,True,0.15507303087310575,0,0.3886317607439823,0,0.1270773083230008,0,0.004046438635651753,0
Faisalabad,2026-01,2026,1,2,True,True,0.41917315697293445,0,0.7786666753536676,0,0.4193498455226792,0,0.19357087187939057,0
Faisalabad,2026-02,2026,2,0,False,True,-0.26869733861011225,0,-0.1365246142194565,0,-0.19466195367295086,0,-0.3257023504184603,0
Faisalabad,2026-03,2026,3,0,False,False,-0.6548529868531227,0,-0.8491901800778325,0,-0.7574698506532234,0,-0.5430407795823581,0
Faisalabad,2026-04,2026,4,0,False,False,-0.13676288523049274,0,-0.3046373706084677,0,-0.15178250813865882,0,0.005826130046470363,0
Faisalabad,2026-05,2026,5,3,True,False,0.7164716060784961,0,0.6503820238563228,0,0.7232432288998092,0,0.7280391573236735,0
Faisalabad,2026-06,2026,6,1,False,False,-0.07533155235769301,0,-0.13869653430422713,0,-0.038678761957645524,0,-0.058693029248703676,0
Gurugram,2018-07,2018,7,1,False,False,-0.38982262670211737,0,-0.6309158576166601,0,-0.40021231271444097,0,-0.21802696786177023,0
Gurugram,2018-08,2018,8,0,False,False,-0.7388751579432423,0,-0.8807800334559571,0,-0.766677567661314,0,-0.620928762629287,0
Gurugram,2018-09,2018,9,0,False,False,-0.39964458440369527,0,-0.5273283258059934,0,-0.42029204786689045,0,-0.28936537245714217,0
Gurugram,2018-10,2018,10,1,False,True,0.6620293263258752,0,0.6518124931137554,0,0.6914284461219612,0,0.6589069404688772,0
Gurugram,2018-11,2018,11,1,False,True,0.42119939603341094,0,0.6059402739784758,0,0.4455783619868004,0,0.24182543425933192,0
Gurugram,2018-12,2018,12,2,True,True,0.44511364668976705,0,0.7812714497863774,0,0.45017512013388183,0,0.22758872821998855,0
Gurugram,2019-01,2019,1,1,False,True,0.29154431545739334,0,0.5135440825829694,0,0.3117117144123757,0,0.1594140638287027,0
Gurugram,2019-02,2019,2,1,False,True,-0.18164334456573458,0,-0.014640911113160904,0,-0.2531728293956661,0,-0.3216836715423694,0
Gurugram,2019-03,2019,3,0,False,False,-0.01868776303724302,0,-0.07945275910006674,0,-0.08652225735128383,0,-0.014442545268854896,0
Gurugram,2019-04,2019,4,1,False,False,0.6830366989052923,0,0.6705641614938955,0,0.67236071248216,0,0.6408175811450363,0
Gurugram,2019-05,2019,5,1,False,False,0.3631516156145703,0,0.18973530573287778,0,0.347522806430828,0,0.453020094408157,0
Gurugram,2019-06,2019,6,1,False,False,0.45446375636868785,0,0.30633291759157366,0,0.47293158417836045,0,0.5751625713208536,0
Gurugram,2019-07,2019,7,0,False,False,-0.6765558519289355,0,-0.9426882022406458,0,-0.6981461503079317,0,-0.48260600622112104,0
Gurugram,2019-08,2019,8,0,False,False,-0.9643625071614743,0,-1.1338960501488466,0,-1.0128537865051532,0,-0.8410798630507212,0
Gurugram,2019-09,2019,9,0,False,False,-0.8677499585283859,0,-0.9012185505223902,0,-0.8589424720414802,0,-0.8209496132302634,0
Gurugram,2019-10,2019,10,1,False,True,0.1861591968013799,0,0.3112462072660029,0,0.26203577379485166,0,0.09704062639274892,0
Gurugram,2019-11,2019,11,1,False,True,-0.2755330061651323,0,-0.0370183079517685,0,-0.17759957883795707,0,-0.4651299812457439,0
Gurugram,2019-12,2019,12,3,True,True,1.0061768482395825,1,1.1174921064095598,1,1.0206744831408971,1,1.0204367434635768,1
Gurugram,2020-01,2020,1,2,True,True,0.35958616382640035,0,0.46772149112127404,0,0.3410337602674057,0,0.3214591241951078,0
Gurugram,2020-02,2020,2,1,False,True,0.4396864168839903,0,0.40259725847643824,0,0.41009733128141207,0,0.4863112594755112,0
Gurugram,2020-03,2020,3,1,False,False,0.08531126297925061,0,-0.11235149052594218,0,0.016929083678508358,0,0.21191727216189368,0
Gurugram,2020-04,2020,4,1,False,False,0.30399151176530714,0,0.0809936321199935,0,0.2506755868514281,0,0.4137364949488548,0
Gurugram,2020-05,2020,5,1,False,False,0.3737968240970142,0,0.24166184401443858,0,0.3575160161428333,0,0.4223559229395224,0
Gurugram,2020-06,2020,6,1,False,False,-0.173470812923869,0,-0.29018069645377115,0,-0.15566267186604862,0,-0.10675107674272816,0
Gurugram,2020-07,2020,7,0,False,False,-1.1046799487034429,0,-1.1921488407686682,0,-1.078225104810127,0,-1.0082544046049304,0
Gurugram,2020-08,2020,8,0,False,False,-1.3470535665226577,0,-1.433760765075179,0,-1.3664062736649238,0,-1.2949982936863456,0
Gurugram,2020-09,2020,9,0,False,False,-0.6454332158687722,0,-0.5936620462762963,0,-0.6273519727205974,0,-0.6598452326569303,0
Gurugram,2020-10,2020,10,2,True,True,0.5076998711910462,0,0.7363177972930156,0,0.5955872239223994,0,0.32503771053322283,0
Gurugram,2020-11,2020,11,4,True,True,0.9160466697498466,0,1.1091948567363181,1,0.9389029802867439,0,0.7543930042914271,0
Gurugram,2020-12,2020,12,2,True,True,0.28451882352589136,0,0.5836169593383831,0,0.3169040406309711,0,0.1346382191453997,0
Gurugram,2021-01,2021,1,2,True,True,-0.04583768355538398,0,0.3423403909731637,0,0.04428429333769818,0,-0.250223092695083,0
Gurugram,2021-02,2021,2,0,False,True,0.1230530341892146,0,0.27626028638423156,0,0.1451488708094697,0,0.062230375210241884,0
Gurugram,2021-03,2021,3,0,False,False,-0.06392411597578984,0,-0.16805357270227417,0,-0.06142323069800306,0,0.025259722136946494,0
Gurugram,2021-04,2021,4,2,True,False,0.6622539967435835,0,0.5635339089918926,0,0.6052141325199208,0,0.7241482140122848,0
Gurugram,2021-05,2021,5,1,False,False,-0.0729994116600063,0,-0.19846967016551192,0,-0.12232187643634371,0,0.005142343548203088,0
Gurugram,2021-06,2021,6,0,False,False,-0.11793872504043501,0,-0.23424207661384797,0,-0.12339414091939982,0,-0.0061931424861961905,0
Gurugram,2021-07,2021,7,0,False,False,-0.6428554527881931,0,-0.8260720493547223,0,-0.6124934152538758,0,-0.5027734544599407,0
Gurugram,2021-08,2021,8,0,False,False,-0.6640724728696444,0,-0.8219544220451706,0,-0.6949719042302858,0,-0.5938221451738082,0
Gurugram,2021-09,2021,9,0,False,False,-0.9283873433361507,0,-1.0951891645982619,0,-0.9683629001264384,0,-0.8285611575531839,0
Gurugram,2021-10,2021,10,1,False,True,0.11337923512729103,0,0.18031773260388434,0,0.14526878386032535,0,0.04963808936477962,0
Gurugram,2021-11,2021,11,3,True,True,0.8876520604005924,0,1.147131394045473,1,0.9511621537867867,0,0.6402857738958969,0
Gurugram,2021-12,2021,12,2,True,True,0.749676878764911,0,0.8343972424811364,0,0.6918892333501351,0,0.6748684741998452,0
Gurugram,2022-01,2022,1,0,False,True,0.19938381461144805,0,0.28597518446796105,0,0.24191121344547487,0,0.17230494024118734,0
Gurugram,2022-02,2022,2,1,False,True,0.2638935548771505,0,0.17076644546252728,0,0.22896114438943999,0,0.32531899223271676,0
Gurugram,2022-03,2022,3,0,False,False,0.4330152611461124,0,0.38418170199589285,0,0.41496227577973377,0,0.43599819750860686,0
Gurugram,2022-04,2022,4,2,True,False,0.5617169619708648,0,0.42503672285179633,0,0.5609637353059147,0,0.6381528283835713,0
Gurugram,2022-05,2022,5,2,True,False,0.8932092975563268,0,0.7946460407413829,0,0.8906056187702862,0,0.9024398714777226,0
Gurugram,2022-06,2022,6,0,False,False,0.0012111479534907266,0,-0.1360013433942786,0,-0.0004376497426945708,0,0.09387217981135598,0
Gurugram,2022-07,2022,7,0,False,False,-1.1566266537926844,0,-1.3354261048427962,0,-1.17199786488857,0,-1.0107895834486804,0
Gurugram,2022-08,2022,8,0,False,False,-1.211767317580998,0,-1.354463554850557,0,-1.2365634827560803,0,-1.1050046629567916,0
Gurugram,2022-09,2022,9,0,False,False,-0.6772841316352638,0,-0.7397653224719432,0,-0.6956303087816883,0,-0.6200569636992086,0
Gurugram,2022-10,2022,10,0,False,True,0.10282274408850928,0,0.24783237973733221,0,0.16469936327948986,0,0.004978016861060031,0
Gurugram,2022-11,2022,11,1,False,True,0.19415166869503242,0,0.47431696679817525,0,0.2213205954817294,0,-0.003372116603345316,0
Gurugram,2022-12,2022,12,2,True,True,0.3962736521100161,0,0.7829008835045116,0,0.38120535971696967,0,0.16615830019181038,0
Gurugram,2023-01,2023,1,2,True,True,0.27784272933233733,0,0.6231632285490307,0,0.30465541377424027,0,0.08989597396539899,0
Gurugram,2023-02,2023,2,0,False,True,-0.2945612569114078,0,-0.14354182974695862,0,-0.2963569145220481,0,-0.4344347895265338,0
Gurugram,2023-03,2023,3,0,False,False,-0.31366248187047674,0,-0.35273570655151415,0,-0.31215630869482913,0,-0.26909366846637245,0
Gurugram,2023-04,2023,4,1,False,False,0.5831870187320862,0,0.37789117272605705,0,0.5356252252373909,0,0.7218060539276735,0
Gurugram,2023-05,2023,5,2,True,False,0.3719380221011678,0,0.11583159340808974,0,0.3230648944300788,0,0.5009826389042792,0
Gurugram,2023-06,2023,6,0,False,False,-0.3210702672873794,0,-0.5051886344694728,0,-0.34515268439743335,0,-0.20020574412285363,0
Gurugram,2023-07,2023,7,0,False,False,-1.1171716899258597,0,-1.180970269837385,0,-1.0977056082437395,0,-1.033652552891103,0
Gurugram,2023-08,2023,8,0,False,False,-0.7402607796785168,0,-0.8278605288390479,0,-0.7541560189425572,0,-0.692101149717972,0
Gurugram,2023-09,2023,9,0,False,False,-0.4943676068265829,0,-0.5044508613429816,0,-0.4856017203469717,0,-0.4695830550333472,0
Gurugram,2023-10,2023,10,1,False,True,0.4812772508351235,0,0.5532189700228554,0,0.49234577149767755,0,0.42412681382529105,0
Gurugram,2023-11,2023,11,2,True,True,0.7702744265861491,0,0.8700151860199891,0,0.8708697444587763,0,0.6668652515568281,0
Gurugram,2023-12,2023,12,2,True,True,0.7965746349133588,0,0.9746276800613379,0,0.7645682057494151,0,0.6953942275787104,0
Gurugram,2024-01,2024,1,2,True,True,0.9248330406709686,0,1.025305908473216,1,0.8923456388466389,0,0.8951428411088101,0
Gurugram,2024-02,2024,2,1,False,True,0.0533355191744498,0,0.004572182582508341,0,-0.03721743217638858,0,0.06942560239792482,0
Gurugram,2024-03,2024,3,1,False,False,0.151493336558855,0,0.059185917082257816,0,0.06649468961816415,0,0.18209365407267256,0
Gurugram,2024-04,2024,4,1,False,False,0.5083567985947929,0,0.25507067983538223,0,0.47340261051434,0,0.6852952627498745,0
Gurugram,2024-05,2024,5,2,True,False,0.9147577617580207,0,0.8658751867844197,0,0.9585938816752442,0,0.9362057690399914,0
Gurugram,2024-06,2024,6,0,False,False,0.08521375631419663,0,0.014032174545311055,0,0.12562222072080081,0,0.15588065570672321,0
Gurugram,2024-07,2024,7,0,False,False,-1.105462824124714,0,-1.1753545109391315,0,-1.0882827279649294,0,-1.0444829039512666,0
Gurugram,2024-08,2024,8,0,False,False,-1.2972102268146275,0,-1.3747317314326342,0,-1.3214671339444926,0,-1.2441192867857218,0
Gurugram,2024-09,2024,9,0,False,False,-0.906992026273589,0,-0.9350237571766938,0,-0.9277815995313268,0,-0.8926062260079481,0
Gurugram,2024-10,2024,10,0,False,True,0.048499576550132734,0,0.20493804565775753,0,0.08243831129336057,0,-0.0552728642216296,0
Gurugram,2024-11,2024,11,2,True,True,0.6613621803249782,0,0.9067196728008099,0,0.7603317760238987,0,0.4524961290055294,0
Gurugram,2024-12,2024,12,0,False,True,-0.03818689273346726,0,0.14941023178679713,0,0.015519764924687238,0,-0.1400586331149657,0
Gurugram,2025-01,2025,1,0,False,True,0.13352798775941693,0,0.2634923831251753,0,0.17479690436412895,0,0.0653032111524321,0
Gurugram,2025-02,2025,2,0,False,True,0.10469354874848336,0,0.03708510263817649,0,0.0879797439844249,0,0.16192305187563985,0
Gurugram,2025-03,2025,3,1,False,False,0.14215502436630684,0,0.015957783500529135,0,0.12899329071398244,0,0.23535742106644486,0
Gurugram,2025-04,2025,4,3,True,False,0.9811931637930946,0,0.8958682727554474,0,1.0473896868412693,0,1.0298610109868627,0
Gurugram,2025-05,2025,5,1,False,False,0.4353280784172261,0,0.3129638252494793,0,0.45262132631128915,0,0.5228852961404221,0
Gurugram,2025-06,2025,6,0,False,False,-0.09092228581675856,0,-0.17951260955369652,0,-0.07337170108649102,0,-0.02957616326929026,0
Gurugram,2025-07,2025,7,0,False,False,-0.9974945543104198,0,-1.1221320185047208,0,-1.0396328583489778,0,-0.897224654373181,0
Gurugram,2025-08,2025,8,0,False,False,-0.978415461086115,0,-1.04533804544866,0,-1.0208727244700164,0,-0.9407502702374014,0
Gurugram,2025-09,2025,9,0,False,False,-0.6932815005367114,0,-0.7734975670605544,0,-0.7208949575047149,0,-0.6226080394313823,0
Gurugram,2025-10,2025,10,0,False,True,0.032300232100500884,0,0.1454403981701327,0,0.08442575983043314,0,-0.04577971850217008,0
Gurugram,2025-11,2025,11,3,True,True,0.8717476489686888,0,1.1006179211944278,1,0.7677286303876322,0,0.591837328922698,0
Gurugram,2025-12,2025,12,1,False,True,0.05916811759628776,0,0.349054553934263,0,0.11083689897704048,0,-0.0712284743310728,0
Gurugram,2026-01,2026,1,1,False,True,-0.3422947248143018,0,-0.002529152692193143,0,-0.23035418730088017,0,-0.5183335409593253,0
Gurugram,2026-02,2026,2,0,False,True,-0.01059630639282047,0,0.11387960732240154,0,-0.031123768431010945,0,-0.08660639013254222,0
Gurugram,2026-03,2026,3,1,False,False,-0.09778756807376678,0,-0.15540178500459104,0,-0.24311083973897543,0,-0.13114695310174096,0
Gurugram,2026-04,2026,4,0,False,False,0.37729701626186374,0,0.3340366109750727,0,0.4123436204595984,0,0.44605885722684113,0
Gurugram,2026-05,2026,5,2,True,False,0.44945774364401514,0,0.37035760354415626,0,0.5263703744947811,0,0.50320979496815,0
Gurugram,2026-06,2026,6,1,False,False,-0.3760761606249935,0,-0.6603428841448483,0,-0.43412519948351647,0,-0.21318176800138788,0
Hanoi,2018-07,2018,7,2,True,False,-0.26410957946188046,0,-0.6137348246557425,0,-0.33154924005066694,0,-0.058085033673675124,0
Hanoi,2018-08,2018,8,1,False,False,-0.23202409563706594,0,-0.31934983015345186,0,-0.2183561341111281,0,-0.1602197606724073,0
Hanoi,2018-09,2018,9,0,False,False,-0.46665342870451826,0,-0.5474552422816366,0,-0.4742171451623447,0,-0.38840393669180207,0
Hanoi,2018-10,2018,10,0,False,True,0.08591275015161538,0,0.15374117037013674,0,0.12612494046261757,0,0.057025961577992265,0
Hanoi,2018-11,2018,11,2,True,True,0.5955044610685306,0,0.8548994808476308,0,0.57386705176169,0,0.4343065299386961,0
Hanoi,2018-12,2018,12,1,False,True,0.28136989258331824,0,0.47189924587306253,0,0.32413052709983153,0,0.11537623952119558,0
Hanoi,2019-01,2019,1,0,False,True,0.03509816636311323,0,0.24414694003250972,0,0.0234974069097865,0,-0.13537569228121313,0
Hanoi,2019-02,2019,2,0,False,True,-0.20736613156177103,0,-0.06508991558997922,0,-0.12867772983688655,0,-0.30416724966973585,0
Hanoi,2019-03,2019,3,2,True,False,0.5461150442011066,0,0.5678989626078911,0,0.6437975896791468,0,0.46943056198419486,0
Hanoi,2019-04,2019,4,2,True,False,0.32008826044411254,0,0.24352848926301227,0,0.388608786844329,0,0.3262157149735958,0
Hanoi,2019-05,2019,5,1,False,False,0.3968951658253857,0,0.32934443309921285,0,0.4099613391402983,0,0.4544880467880175,0
Hanoi,2019-06,2019,6,1,False,False,-0.3659507121239158,0,-0.5282533946150386,0,-0.3824219721143521,0,-0.22002069443325484,0
Hanoi,2019-07,2019,7,0,False,False,-0.7121696320450394,0,-0.9426874600955901,0,-0.7466152729027189,0,-0.5375172621882314,0
Hanoi,2019-08,2019,8,1,False,False,-0.43724149308890403,0,-0.6320195674068919,0,-0.5206334647215185,0,-0.31040868952597767,0
Hanoi,2019-09,2019,9,0,False,False,-0.309020435649002,0,-0.4085924252939064,0,-0.36710718027910194,0,-0.2543263747393394,0
Hanoi,2019-10,2019,10,1,False,True,0.09310071263854788,0,0.10591251432017708,0,0.03729053693157919,0,0.08255310266297874,0
Hanoi,2019-11,2019,11,2,True,True,0.34194982173549926,0,0.5207430372978662,0,0.2972840586984995,0,0.24448948316754426,0
Hanoi,2019-12,2019,12,1,False,True,0.2985012332608712,0,0.5650683863807395,0,0.3450159016509428,0,0.18463905326142635,0
Hanoi,2020-01,2020,1,1,False,True,0.41192808334567754,0,0.6180864351625951,0,0.35522054717883056,0,0.21357773908962427,0
Hanoi,2020-02,2020,2,1,False,True,0.39021439309824096,0,0.5367333907690554,0,0.4857071496883768,0,0.32376045872696,0
Hanoi,2020-03,2020,3,2,True,False,1.2767815799063897,0,1.2935462920426752,0,1.341620444938371,0,1.2147129196346151,0
Hanoi,2020-04,2020,4,3,True,False,0.7895710421292669,0,0.7409062873620335,0,0.7505496506577966,0,0.7769177054137383,0
Hanoi,2020-05,2020,5,1,False,False,-0.28857450486754876,0,-0.45160394695016925,0,-0.27957353490113895,0,-0.15741587750007763,0
Hanoi,2020-06,2020,6,0,False,False,-0.421302395371855,0,-0.5570741577645014,0,-0.4046512248334403,0,-0.2676737966309322,0
Hanoi,2020-07,2020,7,0,False,False,-0.7991415639875572,0,-1.003602783992379,0,-0.8022100380411603,0,-0.6355620051459995,0
Hanoi,2020-08,2020,8,0,False,False,-0.505042070738887,0,-0.681944693387294,0,-0.5322745299707066,0,-0.37948883260330474,0
Hanoi,2020-09,2020,9,0,False,False,-0.17965305977614324,0,-0.1775247396506313,0,-0.1456332424007909,0,-0.10871212553767987,0
Hanoi,2020-10,2020,10,0,False,True,-0.5067127380149432,0,-0.5676286857816523,0,-0.6052818108287338,0,-0.5382560888067742,0
Hanoi,2020-11,2020,11,0,False,True,-0.08766284124190252,0,0.03486219789195283,0,-0.12486409996002357,0,-0.18155176882767657,0
Hanoi,2020-12,2020,12,1,False,True,-0.08040592448073682,0,0.2152444042983156,0,-0.03860931152737945,0,-0.26030832781249064,0
Hanoi,2021-01,2021,1,2,True,True,0.30132878223201687,0,0.6586812279708135,0,0.2794839873359279,0,0.036286190860999656,0
Hanoi,2021-02,2021,2,2,True,True,0.8938031146960606,0,1.1097571318445958,1,0.9602431088409182,0,0.8074757319528858,0
Hanoi,2021-03,2021,3,2,True,False,0.6646680677606909,0,0.7783773308958438,0,0.8006464437632006,0,0.5437532631803792,0
Hanoi,2021-04,2021,4,0,False,False,0.2631392735754268,0,0.231984207838754,0,0.3111476154855045,0,0.3154850813122691,0
Hanoi,2021-05,2021,5,0,False,False,-0.4727512002874976,0,-0.5213700335562667,0,-0.4297579012220777,0,-0.354832534777912,0
Hanoi,2021-06,2021,6,0,False,False,-0.6133845774066166,0,-0.760013226809146,0,-0.6825114078176359,0,-0.5113303654436019,0
Hanoi,2021-07,2021,7,1,False,False,-0.33251403208452385,0,-0.5837694686686775,0,-0.35104475847042044,0,-0.15662447945257946,0
Hanoi,2021-08,2021,8,0,False,False,-0.4196242324382763,0,-0.6254157656044613,0,-0.4396653841017779,0,-0.27489924543730404,0
Hanoi,2021-09,2021,9,0,False,False,-0.2862222990988348,0,-0.4515440059990901,0,-0.3303320900326341,0,-0.1789519939304573,0
Hanoi,2021-10,2021,10,0,False,True,-0.07903511335521748,0,-0.09113085992845954,0,-0.15242746683999697,0,-0.11453306707072103,0
Hanoi,2021-11,2021,11,0,False,True,0.03412428710809978,0,0.0668707847555003,0,-0.027713095802835777,0,-0.04691161018848372,0
Hanoi,2021-12,2021,12,0,False,True,0.04646792929867222,0,0.1875726772605935,0,0.061930948861827914,0,-0.0649169710054732,0
Hanoi,2022-01,2022,1,1,False,True,0.2975246089410581,0,0.46638312213591315,0,0.2789022611489067,0,0.1699859989440859,0
Hanoi,2022-02,2022,2,0,False,True,-0.18628736587453226,0,-0.15249589420530804,0,-0.11789580200516994,0,-0.22803232296506692,0
Hanoi,2022-03,2022,3,2,True,False,0.7669632433484797,0,0.8028754611834429,0,0.7463970132396565,0,0.6368538997552642,0
Hanoi,2022-04,2022,4,3,True,False,1.1636891220657557,0,1.2451553896616072,0,1.3115961519017643,0,1.1848719373717065,0
Hanoi,2022-05,2022,5,1,False,False,-0.021322644835287535,0,-0.1031180750845549,0,-0.019178703972348332,0,0.07153298639880734,0
Hanoi,2022-06,2022,6,1,False,False,-0.31507763125588684,0,-0.501905247597497,0,-0.34015558119073597,0,-0.16722105677986673,0
Hanoi,2022-07,2022,7,0,False,False,-0.515007597439207,0,-0.7130483622304236,0,-0.5507939129540802,0,-0.3471902088298576,0
Hanoi,2022-08,2022,8,0,False,False,-0.7388490684354435,0,-0.9230355521114004,0,-0.7614539258511744,0,-0.5824831691620074,0
Hanoi,2022-09,2022,9,0,False,False,-0.5531899251093384,0,-0.6291146786167149,0,-0.5533423278512514,0,-0.48579941345050126,0
Hanoi,2022-10,2022,10,0,False,True,-0.13223985581314351,0,-0.12922005550911125,0,-0.19112680957545208,0,-0.16584616754377385,0
Hanoi,2022-11,2022,11,0,False,True,-0.3210466851238802,0,-0.1948206687726265,0,-0.31511496354333746,0,-0.3944330752608897,0
Hanoi,2022-12,2022,12,2,True,True,0.5548437995314277,0,0.8323445611466735,0,0.5121666006532238,0,0.30776059152210267,0
Hanoi,2023-01,2023,1,1,False,True,-0.135975076685797,0,0.03527352981287913,0,-0.215381486150462,0,-0.3306334332750852,0
Hanoi,2023-02,2023,2,0,False,True,0.1005876443266897,0,0.23420270243836866,0,0.12652572079637062,0,-0.00869199017834267,0
Hanoi,2023-03,2023,3,3,True,False,1.1909282371057814,0,1.396112263390044,0,1.2902535970735065,0,1.0387757997549436,0
Hanoi,2023-04,2023,4,2,True,False,0.9023147685894837,0,0.8506478615907407,0,0.9689561375073619,0,0.9008900353124806,0
Hanoi,2023-05,2023,5,1,False,False,0.20969678960130686,0,0.09595784774799043,0,0.21908136910517273,0,0.3388036938859763,0
Hanoi,2023-06,2023,6,1,False,False,-0.6527099711526786,0,-0.8329297275801839,0,-0.5763481696641963,0,-0.455890680142322,0
Hanoi,2023-07,2023,7,0,False,False,-0.6793822883104172,0,-0.894487161184285,0,-0.702019565158964,0,-0.5182964151579075,0
Hanoi,2023-08,2023,8,0,False,False,-0.3943529415201025,0,-0.5491001511026379,0,-0.45170433427534873,0,-0.3000671833412437,0
Hanoi,2023-09,2023,9,0,False,False,-0.48921776993083704,0,-0.6462652412281077,0,-0.5646149797879267,0,-0.4108985959265373,0
Hanoi,2023-10,2023,10,0,False,True,-0.11122494374666084,0,-0.08813208584990087,0,-0.16714637611136102,0,-0.13184698629071584,0
Hanoi,2023-11,2023,11,1,False,True,0.02139192455671078,0,0.1819570358303443,0,0.05223356494549189,0,-0.041350333003625575,0
Hanoi,2023-12,2023,12,1,False,True,0.03794362716652494,0,0.2167631261347517,0,0.02016452172035947,0,-0.08079391163761598,0
Hanoi,2024-01,2024,1,0,False,True,-0.430610226961809,0,-0.32008004701845744,0,-0.4063534629186941,0,-0.5331883181288176,0
Hanoi,2024-02,2024,2,0,False,True,-0.390755710872688,0,-0.3449201786122855,0,-0.33413886118435643,0,-0.4653284319398875,0
Hanoi,2024-03,2024,3,2,True,False,1.0017028608500338,0,1.0651306071847992,0,1.0112895408392832,0,0.8716015683179569,0
Hanoi,2024-04,2024,4,3,True,False,0.8540793423296458,0,0.7490206016416148,0,0.9336315892048068,0,0.9203972159659042,0
Hanoi,2024-05,2024,5,1,False,False,-0.22678920176100395,0,-0.4010266702495091,0,-0.21164932641690665,0,-0.0777533176645534,0
Hanoi,2024-06,2024,6,0,False,False,-0.4518279017214436,0,-0.5850362084973366,0,-0.4680012984191467,0,-0.32606275534571627,0
Hanoi,2024-07,2024,7,1,False,False,-0.31515605697475013,0,-0.47589816097709525,0,-0.4587474482494935,0,-0.23715923449838586,0
Hanoi,2024-08,2024,8,0,False,False,-0.6005874541515418,0,-0.743667338370538,0,-0.5921613874713209,0,-0.4691308673271626,0
Hanoi,2024-09,2024,9,0,False,False,-0.27232968552569436,0,-0.35016147858387714,0,-0.32756067493371477,0,-0.21961743052051275,0
Hanoi,2024-10,2024,10,1,False,True,0.2236290206898249,0,0.28352156554633856,0,0.15405384116495885,0,0.18207036539043459,0
Hanoi,2024-11,2024,11,1,False,True,0.05311743541017641,0,0.2393382753777025,0,0.08195220587849285,0,-0.03807806731308945,0
Hanoi,2024-12,2024,12,2,True,True,0.5555275786892505,0,0.8837790325586438,0,0.6176852825060918,0,0.39224927306383023,0
Hanoi,2025-01,2025,1,2,True,True,0.6760198594563398,0,0.9619741111112166,0,0.7369920358843555,0,0.49046229831478216,0
Hanoi,2025-02,2025,2,1,False,True,0.4212526739927598,0,0.570009550207993,0,0.3488842920243201,0,0.23535619961580115,0
Hanoi,2025-03,2025,3,2,True,False,1.1347622677937528,0,1.1964695374404568,0,1.2175692613368734,0,1.0494089454949718,0
Hanoi,2025-04,2025,4,0,False,False,0.3918792420888185,0,0.316019391532686,0,0.4384303787235667,0,0.4600502501028463,0
Hanoi,2025-05,2025,5,1,False,False,-0.17342043794764606,0,-0.2990634560485153,0,-0.14572175634505855,0,-0.024504843823505984,0
Hanoi,2025-06,2025,6,0,False,False,-0.4933812741740642,0,-0.687466670024272,0,-0.5282403773777357,0,-0.3590294507553693,0
Hanoi,2025-07,2025,7,0,False,False,-0.5521619454644863,0,-0.7280224095464533,0,-0.5676313762838968,0,-0.40907841577535164,0
Hanoi,2025-08,2025,8,0,False,False,-0.4890377709890985,0,-0.6275649710064534,0,-0.5086048456562067,0,-0.36697820139243387,0
Hanoi,2025-09,2025,9,0,False,False,-0.5746792978328717,0,-0.6877781359527051,0,-0.6168319718856894,0,-0.5001234293174994,0
Hanoi,2025-10,2025,10,0,False,True,-0.5558717438719614,0,-0.6334106244204285,0,-0.6157573791051023,0,-0.5221369296976124,0
Hanoi,2025-11,2025,11,1,False,True,0.2122136324734609,0,0.42682251303041985,0,0.14910868869766242,0,0.038374203696498715,0
Hanoi,2025-12,2025,12,1,False,True,0.002424794475001324,0,0.19201116367605786,0,0.09180304998691598,0,-0.09180062646312043,0
Hanoi,2026-01,2026,1,1,False,True,-0.3999247054236975,0,-0.17115858829070182,0,-0.24546320852890038,0,-0.45632091023914706,0
Hanoi,2026-02,2026,2,0,False,True,-0.22251554482559227,0,-0.10709388255731539,0,-0.16595717258652715,0,-0.2614667125893535,0
Hanoi,2026-03,2026,3,2,True,False,0.4768188521642347,0,0.48564359969305854,0,0.3868097741713735,0,0.3652383377232422,0
Hanoi,2026-04,2026,4,2,True,False,0.7897810106071823,0,0.7452385396099265,0,0.8039224746962623,0,0.7597889594866003,0
Hanoi,2026-05,2026,5,1,False,False,-0.122578821631738,0,-0.26941588487530566,0,-0.2145533855866649,0,-0.016051595333466756,0
Hanoi,2026-06,2026,6,0,False,False,-0.5215807908903893,0,-0.6832137835796622,0,-0.5647584821655436,0,-0.39118807904787556,0
Hotan,2018-07,2018,7,2,True,False,0.21036492277563518,0,0.2501428382171986,0,0.28558855993979426,0,0.20864365811119476,0
Hotan,2018-08,2018,8,1,False,False,0.21536566239618762,0,0.37006713714713807,0,0.3201154913068982,0,0.13231559201210472,0
Hotan,2018-09,2018,9,0,False,False,-0.0986139223556843,0,-4.13430595329195e-05,0,-0.03299636410707883,0,-0.1595221124033188,0
Hotan,2018-10,2018,10,0,False,True,-0.3457913924258026,0,-0.578942644985635,0,-0.4076750846099614,0,-0.1924914425757943,0
Hotan,2018-11,2018,11,1,False,True,-0.31271919341588034,0,-0.2543038086684795,0,-0.4397934285303131,0,-0.3648767418126075,0
Hotan,2018-12,2018,12,2,True,True,0.3313939230255424,0,0.21307782134930708,0,0.2747608260006583,0,0.3759310466684206,0
Hotan,2019-01,2019,1,1,False,True,0.24228318303637877,0,0.24336302393373613,0,0.20029629287739162,0,0.19576065922572888,0
Hotan,2019-02,2019,2,2,True,True,0.2639183814722087,0,0.15700902564695784,0,0.24591759262422536,0,0.3220121456666347,0
Hotan,2019-03,2019,3,1,False,False,0.40636075678193706,0,0.25765230892924107,0,0.4094712603292968,0,0.47762486700324297,0
Hotan,2019-04,2019,4,1,False,False,0.2958522143997331,0,0.307691269190632,0,0.3389497907046932,0,0.24062518621340379,0
Hotan,2019-05,2019,5,1,False,False,0.39261264767382337,0,0.28719038164787536,0,0.4309393256121782,0,0.47557293517740695,0
Hotan,2019-06,2019,6,0,False,False,-0.17529066306373714,0,-0.19269463908545525,0,-0.1336434461486115,0,-0.08931547729445356,0
Hotan,2019-07,2019,7,1,False,False,0.10120375110279733,0,0.22197927005829254,0,0.1883491497505642,0,0.0763033720769927,0
Hotan,2019-08,2019,8,1,False,False,0.050450020649263794,0,0.2694681712073961,0,0.1525843026381712,0,-0.06820099564599857,0
Hotan,2019-09,2019,9,0,False,False,-0.45082302098482374,0,-0.36832269271322604,0,-0.4138337722290295,0,-0.4860048154457657,0
Hotan,2019-10,2019,10,0,False,True,-0.821438143539814,0,-0.8472968551972253,0,-0.8677460941927366,0,-0.8028201707581888,0
Hotan,2019-11,2019,11,0,False,True,-0.5204528410657789,0,-0.5001883175713658,0,-0.5684422556384263,0,-0.5280021783996625,0
Hotan,2019-12,2019,12,1,False,True,0.21532371353801627,0,0.16414905395314666,0,0.01715785367228856,0,0.18644447218066296,0
Hotan,2020-01,2020,1,3,True,True,0.49200662664331846,0,0.41996895384806543,0,0.36646166372873024,0,0.4911064922531213,0
Hotan,2020-02,2020,2,2,True,True,0.3630931658843473,0,0.21871286124635758,0,0.24516321725622953,0,0.3958493216981462,0
Hotan,2020-03,2020,3,2,True,False,0.4187036562249089,0,0.28300840545607775,0,0.42078338198386234,0,0.47713471516608913,0
Hotan,2020-04,2020,4,2,True,False,0.33609113384354383,0,0.2511760175103577,0,0.37018100089342054,0,0.3643463805619426,0
Hotan,2020-05,2020,5,0,False,False,0.054632863583929894,0,0.07095780247668909,0,0.12063242909795302,0,0.07250968429204695,0
Hotan,2020-06,2020,6,1,False,False,-0.11334694256234637,0,-0.11011454344274593,0,-0.06791897980107298,0,-0.06209245120524573,0
Hotan,2020-07,2020,7,1,False,False,-0.3127468298985661,0,-0.2317562268466876,0,-0.2436585422242178,0,-0.28402818816685393,0
Hotan,2020-08,2020,8,1,False,False,-0.25089953025441614,0,-0.16229383849080942,0,-0.17817024413530314,0,-0.26482205179154533,0
Hotan,2020-09,2020,9,1,False,False,-0.22793790003645908,0,-0.23266511306041884,0,-0.1913114027583029,0,-0.22574217141110503,0
Hotan,2020-10,2020,10,0,False,True,-0.3642523909666542,0,-0.3195102190166866,0,-0.35854588953113087,0,-0.4114012200454328,0
Hotan,2020-11,2020,11,0,False,True,-0.29291329427684387,0,-0.16428161928355145,0,-0.3219748735518854,0,-0.3725253586880627,0
Hotan,2020-12,2020,12,2,True,True,-0.10243055818475294,0,-0.02320248039663786,0,-0.1616417609582722,0,-0.18033515266309072,0
Hotan,2021-01,2021,1,2,True,True,0.17376983961952902,0,0.22690746455768718,0,0.08989257231446329,0,0.09107514155126933,0
Hotan,2021-02,2021,2,1,False,True,-0.2563848703621687,0,-0.2512079158365843,0,-0.3422465147003821,0,-0.2903139051433993,0
Hotan,2021-03,2021,3,1,False,False,0.2493708974899689,0,0.11063221814102897,0,0.24381252932766692,0,0.355069988413356,0
Hotan,2021-04,2021,4,1,False,False,0.16305572232888138,0,0.0859105277050032,0,0.20729461662198032,0,0.26150684545997355,0
Hotan,2021-05,2021,5,0,False,False,-0.15400576703203656,0,-0.142027180339721,0,-0.10504301639734484,0,-0.1279998666319103,0
Hotan,2021-06,2021,6,1,False,False,-0.5253147645878415,0,-0.4529673320736006,0,-0.4658526104342513,0,-0.4736220277654929,0
Hotan,2021-07,2021,7,1,False,False,0.027695201896023897,0,0.10895784754354627,0,0.12170379090288719,0,0.0331176276539592,0
Hotan,2021-08,2021,8,2,True,False,0.3792580508563151,0,0.5952219291287035,0,0.5230786484243706,0,0.26744094427592524,0
Hotan,2021-09,2021,9,1,False,False,-0.1386708028942334,0,-0.10500479025659826,0,-0.09462741298372807,0,-0.1784758261033833,0
Hotan,2021-10,2021,10,1,False,True,-0.1694231673120234,0,-0.20397892810038942,0,-0.19644511177524343,0,-0.19330879418018773,0
Hotan,2021-11,2021,11,1,False,True,-0.13119865805828457,0,-0.1702596297276294,0,-0.19452027470493655,0,-0.15996862084579036,0
Hotan,2021-12,2021,12,2,True,True,0.3818483180558668,0,0.1978157892585513,0,0.21295278340451496,0,0.4154784933156777,0
Hotan,2022-01,2022,1,3,True,True,0.5902335801774921,0,0.5364931178423793,0,0.46667397957344225,0,0.5856434485464291,0
Hotan,2022-02,2022,2,2,True,True,0.3761881760715862,0,0.24794848300036917,0,0.3169890843114389,0,0.45669915211806394,0
Hotan,2022-03,2022,3,1,False,False,0.26773682983718844,0,0.2992293834771521,0,0.3327407534578468,0,0.22510702215470732,0
Hotan,2022-04,2022,4,1,False,False,0.239436071516418,0,0.1477287502922067,0,0.28181908633568403,0,0.2875965187907872,0
Hotan,2022-05,2022,5,0,False,False,0.06263692126802521,0,0.10500925165164818,0,0.1162282012713781,0,0.036452968551689904,0
Hotan,2022-06,2022,6,1,False,False,0.010101704717614613,0,0.07550560406934057,0,0.08906993708428858,0,0.04824665205777051,0
Hotan,2022-07,2022,7,2,True,False,0.3579432409308846,0,0.3976686166646016,0,0.4409033289489945,0,0.3525170716509607,0
Hotan,2022-08,2022,8,1,False,False,-0.15722823136041572,0,0.03531555519461914,0,-0.05743465220609645,0,-0.22539867548470285,0
Hotan,2022-09,2022,9,0,False,False,-0.4465258304363362,0,-0.42202962741875866,0,-0.4191393234602542,0,-0.4391344128838013,0
Hotan,2022-10,2022,10,0,False,True,-0.6860197914721197,0,-0.7264540775359365,0,-0.7289768888947967,0,-0.6613428037174781,0
Hotan,2022-11,2022,11,1,False,True,-0.5044764366186265,0,-0.5328567376973032,0,-0.6197916799515965,0,-0.5272832372660096,0
Hotan,2022-12,2022,12,1,False,True,-0.11002623463171432,0,-0.16355831954031963,0,-0.21908182647033247,0,-0.13910370451842266,0
Hotan,2023-01,2023,1,1,False,True,0.07398917349779538,0,-0.029444953750600605,0,-0.017027485070900017,0,0.10459914915934629,0
Hotan,2023-02,2023,2,0,False,True,-0.15806874142290445,0,-0.2026512052228469,0,-0.17636220549987475,0,-0.1133015549812951,0
Hotan,2023-03,2023,3,1,False,False,-0.04022668514438693,0,-0.2809639413808308,0,-0.08399806133534404,0,0.09635616313612472,0
Hotan,2023-04,2023,4,1,False,False,0.5190551133423251,0,0.3855269665513228,0,0.5524093848656264,0,0.5995175315359418,0
Hotan,2023-05,2023,5,0,False,False,-0.17964204567958666,0,-0.25143056926267876,0,-0.165124727702606,0,-0.09657293853315982,0
Hotan,2023-06,2023,6,1,False,False,-0.01922221692564413,0,0.02607725941558743,0,0.03598021416836833,0,-0.015483324298967704,0
Hotan,2023-07,2023,7,1,False,False,-0.0016471969415775278,0,0.29221211771202693,0,0.13490823753224454,0,-0.12029840939496586,0
Hotan,2023-08,2023,8,2,True,False,0.4038911734116004,0,0.7010806773446991,0,0.5503100773802778,0,0.21914010202537268,0
Hotan,2023-09,2023,9,1,False,False,-0.13277182115568398,0,-0.10487478780026513,0,-0.09760806692630214,0,-0.16559682526159325,0
Hotan,2023-10,2023,10,0,False,True,-0.7701133665338235,0,-0.7478386400539561,0,-0.7938016251223986,0,-0.7537271165739579,0
Hotan,2023-11,2023,11,0,False,True,-0.21164101203953925,0,-0.19999149939368524,0,-0.2646719004283274,0,-0.24948187025077773,0
Hotan,2023-12,2023,12,2,True,True,0.5163976255914312,0,0.4122985758412353,0,0.32498615813924275,0,0.49484909343793504,0
Hotan,2024-01,2024,1,3,True,True,0.7107198221475465,0,0.7282310576743805,0,0.602396990170845,0,0.6276285467226473,0
Hotan,2024-02,2024,2,2,True,True,0.379029490673811,0,0.22348398499203956,0,0.23370950155814832,0,0.4215037578100871,0
Hotan,2024-03,2024,3,1,False,False,0.22075514386611916,0,0.09840377798386515,0,0.20097387498702352,0,0.30051600575055204,0
Hotan,2024-04,2024,4,2,True,False,0.3792913327625189,0,0.18925004225905895,0,0.37507383795479166,0,0.47129137687370587,0
Hotan,2024-05,2024,5,1,False,False,0.241441396171277,0,0.20054568671847456,0,0.29532247262103173,0,0.24917545655328976,0
Hotan,2024-06,2024,6,1,False,False,-0.16549816590081876,0,-0.12382795229415952,0,-0.09987872644329703,0,-0.12287593967455007,0
Hotan,2024-07,2024,7,1,False,False,-0.02069091267061779,0,0.05215483695261018,0,0.05818716354409076,0,-0.011217320441061246,0
Hotan,2024-08,2024,8,1,False,False,0.06697390177289145,0,0.2124972663909999,0,0.16351277432808925,0,0.007245032676019225,0
Hotan,2024-09,2024,9,0,False,False,-0.1336400638012644,0,-0.03025435967981352,0,-0.0676976768923008,0,-0.185264741924871,0
Hotan,2024-10,2024,10,0,False,True,-0.6664343886480897,0,-0.6721410264815271,0,-0.7061527467426845,0,-0.6548955741612567,0
Hotan,2024-11,2024,11,0,False,True,-0.7168536932918865,0,-0.6753320766648032,0,-0.7579813667058818,0,-0.7445894230694767,0
Hotan,2024-12,2024,12,1,False,True,-0.2950938630814819,0,-0.20301123785111994,0,-0.2974660983798507,0,-0.35851717711508135,0
Hotan,2025-01,2025,1,3,True,True,0.48494069722212846,0,0.4965630048092134,0,0.3548285202175928,0,0.430018699224113,0
Hotan,2025-02,2025,2,2,True,True,-0.09239668659318329,0,-0.23749720103412275,0,-0.10595881249885175,0,-0.0008836847863970543,0
Hotan,2025-03,2025,3,1,False,False,0.26949014434663393,0,0.0826580282038953,0,0.27045569005369097,0,0.3887951253953334,0
Hotan,2025-04,2025,4,0,False,False,0.1904958190613289,0,0.11582843491468872,0,0.22067276598829844,0,0.25267915546157405,0
Hotan,2025-05,2025,5,1,False,False,0.2240070558316533,0,0.1418350389812949,0,0.24601245654717754,0,0.2533223814434762,0
Hotan,2025-06,2025,6,2,True,False,0.2723272652527983,0,0.33629707942894493,0,0.34136627783530543,0,0.2571138521036808,0
Hotan,2025-07,2025,7,1,False,False,0.1443595003986638,0,0.3897082866469509,0,0.26570090756558784,0,0.05278523729138304,0
Hotan,2025-08,2025,8,1,False,False,0.2072871930416473,0,0.3893845685725946,0,0.31557532673867483,0,0.12444766810378868,0
Hotan,2025-09,2025,9,1,False,False,-0.1110772211427643,0,-0.1062415329739273,0,-0.10028575452567806,0,-0.13834982258122103,0
Hotan,2025-10,2025,10,0,False,True,-0.8745415365543636,0,-0.8734590998215652,0,-0.8832286454558185,0,-0.8566348350194406,0
Hotan,2025-11,2025,11,0,False,True,-0.5925444410965892,0,-0.5855319144509797,0,-0.677722666837026,0,-0.6106559318126147,0
Hotan,2025-12,2025,12,1,False,True,-0.12234778976795348,0,-0.14954469327698622,0,-0.24741606562895285,0,-0.15263784482367654,0
Hotan,2026-01,2026,1,2,True,True,0.4437471530648047,0,0.4674839212615486,0,0.3276159090477755,0,0.36152915456933704,0
Hotan,2026-02,2026,2,0,False,True,-0.018770683945824714,0,-0.1257389374266835,0,-0.04393241503623824,0,0.011947607714136575,0
Hotan,2026-03,2026,3,0,False,False,0.27575071359110953,0,0.22151630930256852,0,0.29186390833074605,0,0.33323730447173366,0
Hotan,2026-04,2026,4,1,False,False,0.21444736022311606,0,0.06558546271888469,0,0.21988982830477394,0,0.27797378055580646,0
Hotan,2026-05,2026,5,0,False,False,-0.1302521410296523,0,-0.06468317759452435,0,-0.07555466094882918,0,-0.16670680777631516,0
Hotan,2026-06,2026,6,1,False,False,-0.7849224019035581,0,-0.5641635782617959,0,-0.7198825696982327,0,-0.8179810395347059,0
Kashgar,2018-07,2018,7,2,True,False,0.26487424939107246,0,0.31298971076044313,0,0.3348641607454173,0,0.2744265193665105,0
Kashgar,2018-08,2018,8,0,False,False,0.1349361585093392,0,0.23058368423678605,0,0.20238802507015796,0,0.0793378246291406,0
Kashgar,2018-09,2018,9,0,False,False,-0.1354283171523831,0,-0.0844731782852559,0,-0.10564771743414236,0,-0.18150519326750025,0
Kashgar,2018-10,2018,10,0,False,True,-0.37569889395025946,0,-0.5719548687720458,0,-0.4618183428726955,0,-0.26440715997715436,0
Kashgar,2018-11,2018,11,0,False,True,-0.7774777181579133,0,-0.7227327437186175,0,-0.7524636039296302,0,-0.7681702281861447,0
Kashgar,2018-12,2018,12,3,True,True,0.8887945213601387,0,0.8355873957786873,0,0.7826774784208876,0,0.8603182374351404,0
Kashgar,2019-01,2019,1,2,True,True,0.4264012981466472,0,0.4883212793094329,0,0.36490941907306995,0,0.3178025189308643,0
Kashgar,2019-02,2019,2,2,True,True,0.5705225103944117,0,0.41988192918096967,0,0.49139883181153216,0,0.6015313926740515,0
Kashgar,2019-03,2019,3,2,True,False,0.4897871007507774,0,0.2937551021702288,0,0.4770651986761818,0,0.5655468060534737,0
Kashgar,2019-04,2019,4,1,False,False,0.046589584165562664,0,0.027687991994647748,0,0.08668094724144088,0,0.035921520288127395,0
Kashgar,2019-05,2019,5,1,False,False,0.2336601503931524,0,0.10021930302889373,0,0.27659678461669157,0,0.3406694824375166,0
Kashgar,2019-06,2019,6,0,False,False,-0.19732714360088582,0,-0.24745745506285324,0,-0.1460909667221975,0,-0.06912218710906895,0
Kashgar,2019-07,2019,7,1,False,False,0.06547951902447646,0,0.20934461909094576,0,0.17585153604114245,0,0.03937344607328169,0
Kashgar,2019-08,2019,8,1,False,False,-0.22367064910735462,0,-0.03201259085309382,0,-0.13483652351955178,0,-0.2989504174163706,0
Kashgar,2019-09,2019,9,0,False,False,-0.6768916220785289,0,-0.6296894056114624,0,-0.6482548969639838,0,-0.6969001192649087,0
Kashgar,2019-10,2019,10,0,False,True,-0.717698802721333,0,-0.6975605576398841,0,-0.7576118997309336,0,-0.733912246864344,0
Kashgar,2019-11,2019,11,1,False,True,-0.1866909003956274,0,-0.12550891695771926,0,-0.2602452194053266,0,-0.23448854026237417,0
Kashgar,2019-12,2019,12,1,False,True,0.1698389550287016,0,0.19301870134989446,0,0.07453678888193421,0,0.1325283444597503,0
Kashgar,2020-01,2020,1,3,True,True,0.6545750223755322,0,0.5811408548624982,0,0.512992920795158,0,0.6319295642864216,0
Kashgar,2020-02,2020,2,3,True,True,0.41183254847042217,0,0.2699218156744726,0,0.29828059515204197,0,0.4238422215411146,0
Kashgar,2020-03,2020,3,2,True,False,0.5504499301737338,0,0.39780687679870685,0,0.5540570401450345,0,0.6172413173903731,0
Kashgar,2020-04,2020,4,1,False,False,0.3059421556310834,0,0.19188443428878948,0,0.3210046263937366,0,0.34481273683737795,0
Kashgar,2020-05,2020,5,0,False,False,-0.07248299068934473,0,-0.07806655345747525,0,-0.03224543545919499,0,-0.05509621486226121,0
Kashgar,2020-06,2020,6,1,False,False,-0.08037267421410348,0,-0.053751060119316255,0,-0.022212730769647415,0,-0.03071888844090459,0
Kashgar,2020-07,2020,7,1,False,False,-0.373526935913159,0,-0.2815051971878787,0,-0.30906213831651375,0,-0.34324016925005907,0
Kashgar,2020-08,2020,8,1,False,False,-0.3456408457539517,0,-0.25553250319063936,0,-0.2851734543195641,0,-0.3640844576662514,0
Kashgar,2020-09,2020,9,0,False,False,-0.343423040001822,0,-0.3677908459055328,0,-0.327474130742064,0,-0.33935726321910387,0
Kashgar,2020-10,2020,10,0,False,True,-0.3308512906381446,0,-0.26215719211375327,0,-0.32567403885957197,0,-0.3857824894228931,0
Kashgar,2020-11,2020,11,1,False,True,-0.0775229041326091,0,0.11538975631882956,0,-0.10138384256156036,0,-0.19405009766299364,0
Kashgar,2020-12,2020,12,0,False,True,-0.29897897530763423,0,-0.2573403859686996,0,-0.28310941145785207,0,-0.30549625953081616,0
Kashgar,2021-01,2021,1,2,True,True,0.2630735438499176,0,0.3339034739361604,0,0.17271477770289423,0,0.15761299780170984,0
Kashgar,2021-02,2021,2,1,False,True,-0.09304320570755589,0,-0.07427494190760152,0,-0.22103416146665053,0,-0.17076762574798413,0
Kashgar,2021-03,2021,3,1,False,False,0.24731846057632279,0,0.07181584599209954,0,0.21523764687341052,0,0.3677086871175981,0
Kashgar,2021-04,2021,4,1,False,False,0.05635852264656238,0,-0.03264674343114082,0,0.0941983856422105,0,0.16050409583699712,0
Kashgar,2021-05,2021,5,0,False,False,-0.3830794658579349,0,-0.4374151742551962,0,-0.36365872730028614,0,-0.3319327586172513,0
Kashgar,2021-06,2021,6,1,False,False,-0.5811814845568755,0,-0.5578616477404295,0,-0.5382746507330175,0,-0.49655264556806633,0
Kashgar,2021-07,2021,7,1,False,False,-0.057798535690740005,0,0.03846804147446896,0,0.04248778567984081,0,-0.03643083524609947,0
Kashgar,2021-08,2021,8,2,True,False,0.19993103270633822,0,0.3823165149469406,0,0.32908635002407605,0,0.12228245603084487,0
Kashgar,2021-09,2021,9,1,False,False,-0.2479176082106831,0,-0.23821650859013205,0,-0.22234815420674547,0,-0.2975343971799596,0
Kashgar,2021-10,2021,10,1,False,True,-0.16096192804527426,0,-0.20290052780344509,0,-0.21254501904926967,0,-0.18999839251388162,0
Kashgar,2021-11,2021,11,1,False,True,0.22623741971974043,0,0.26446482091647777,0,0.18534833426901634,0,0.15278241954553987,0
Kashgar,2021-12,2021,12,1,False,True,0.5310632485701821,0,0.45234684646179973,0,0.5187874325645214,0,0.5623259985405512,0
Kashgar,2022-01,2022,1,3,True,True,0.7915692089219195,0,0.7734467050693508,0,0.6783392657495422,0,0.7566146445326482,0
Kashgar,2022-02,2022,2,2,True,True,0.58856518173304,0,0.43300862804005075,0,0.5205947751608173,0,0.663991325610905,0
Kashgar,2022-03,2022,3,0,False,False,0.2753252741001251,0,0.3579790941376324,0,0.35093845014268565,0,0.22930256034381577,0
Kashgar,2022-04,2022,4,1,False,False,0.2572239400354676,0,0.1904352899109159,0,0.29965546830020023,0,0.29656779586130716,0
Kashgar,2022-05,2022,5,0,False,False,-0.1264665020601945,0,-0.10424128526757219,0,-0.0877090117322044,0,-0.12357062635233862,0
Kashgar,2022-06,2022,6,1,False,False,-0.046434717838380976,0,0.0017745283644956117,0,0.025740193678449895,0,0.014416544983019655,0
Kashgar,2022-07,2022,7,2,True,False,0.3986234268202579,0,0.4035237900483585,0,0.46282516038765603,0,0.39911578703161116,0
Kashgar,2022-08,2022,8,1,False,False,-0.46048568692281944,0,-0.26862167077912524,0,-0.37398173673266955,0,-0.49685011652630395,0
Kashgar,2022-09,2022,9,0,False,False,-0.5744641124550569,0,-0.5826132529252283,0,-0.5732892045941762,0,-0.5722831749889868,0
Kashgar,2022-10,2022,10,0,False,True,-0.6441382557938493,0,-0.6761545253439637,0,-0.7022519305467737,0,-0.6536001588161583,0
Kashgar,2022-11,2022,11,1,False,True,-0.3592075643490469,0,-0.3820754436945476,0,-0.49845470042725537,0,-0.41645136937304933,0
Kashgar,2022-12,2022,12,0,False,True,-0.1001101921914621,0,-0.14646185756036764,0,-0.10240672938627232,0,-0.09725321230646959,0
Kashgar,2023-01,2023,1,3,True,True,0.5866750216109875,0,0.5352453567159583,0,0.42828559619425355,0,0.5428935991092738,0
Kashgar,2023-02,2023,2,1,False,True,-0.081831411717036,0,-0.1326654869316848,0,-0.11835471697484001,0,-0.05086392899204856,0
Kashgar,2023-03,2023,3,1,False,False,0.11816492076095411,0,-0.07265470169416682,0,0.09287689471235347,0,0.22137777174955459,0
Kashgar,2023-04,2023,4,1,False,False,0.3306807171466082,0,0.19529843292269772,0,0.35848905808373716,0,0.4382988916245729,0
Kashgar,2023-05,2023,5,0,False,False,-0.3573959590045218,0,-0.5301624182401414,0,-0.38942578800179095,0,-0.2441470121953992,0
Kashgar,2023-06,2023,6,1,False,False,0.06336879660156841,0,0.1040385837689584,0,0.1254669916377808,0,0.07965201711993132,0
Kashgar,2023-07,2023,7,1,False,False,-0.18337852051826709,0,0.06129804514060337,0,-0.07030416235992448,0,-0.2616147746757126,0
Kashgar,2023-08,2023,8,1,False,False,-0.03260546587122398,0,0.1468603349651078,0,0.06020891093686896,0,-0.12843673582805304,0
Kashgar,2023-09,2023,9,1,False,False,-0.3144402073502289,0,-0.3396428136453614,0,-0.3164196334777315,0,-0.33744225914244724,0
Kashgar,2023-10,2023,10,0,False,True,-0.7005594872725023,0,-0.6642867150452898,0,-0.7253656428760418,0,-0.7063165631618892,0
Kashgar,2023-11,2023,11,1,False,True,0.20602002395590222,0,0.3630544170993091,0,0.1622689135037751,0,0.08406897718741055,0
Kashgar,2023-12,2023,12,2,True,True,0.3653015716577656,0,0.33361696494401366,0,0.39227357862156553,0,0.3625300172048138,0
Kashgar,2024-01,2024,1,3,True,True,0.9146442512291003,0,0.9294102570688916,0,0.7888415309159061,0,0.8124124075483841,0
Kashgar,2024-02,2024,2,2,True,True,0.26049516952259016,0,0.0669682058747514,0,0.1320876178361255,0,0.3185759430293603,0
Kashgar,2024-03,2024,3,1,False,False,0.23289038471671597,0,0.07188623451155741,0,0.19913615515988645,0,0.31857585009989026,0
Kashgar,2024-04,2024,4,1,False,False,0.317716148741693,0,0.15273076003407357,0,0.3204256181388694,0,0.4127744250588855,0
Kashgar,2024-05,2024,5,1,False,False,0.14688675586065358,0,0.07739799742082004,0,0.18282453076419566,0,0.16755530947719371,0
Kashgar,2024-06,2024,6,1,False,False,-0.1555566288065694,0,-0.11620819428281398,0,-0.08809960193141302,0,-0.09250910232944551,0
Kashgar,2024-07,2024,7,1,False,False,-0.13442858332034768,0,-0.05557374313230849,0,-0.056360520248391055,0,-0.1120294100235953,0
Kashgar,2024-08,2024,8,1,False,False,-0.22527646195644888,0,-0.09303709662699598,0,-0.1478498630948592,0,-0.2689890409002032,0
Kashgar,2024-09,2024,9,1,False,False,-0.1747157505038882,0,-0.15614133268579114,0,-0.14682972942610592,0,-0.20589547014210555,0
Kashgar,2024-10,2024,10,0,False,True,-0.49987292148314777,0,-0.45838110422664574,0,-0.517082221821604,0,-0.5191177859685026,0
Kashgar,2024-11,2024,11,0,False,True,-0.4874777390738033,0,-0.3284604363591739,0,-0.49292350996718715,0,-0.5658892609973917,0
Kashgar,2024-12,2024,12,1,False,True,-0.19530462492654954,0,-0.09059154759636726,0,-0.17417000632542468,0,-0.26546386485247125,0
Kashgar,2025-01,2025,1,3,True,True,0.6537247107906663,0,0.698668110897522,0,0.5269197149385817,0,0.5653034262956977,0
Kashgar,2025-02,2025,2,2,True,True,0.0798875937110543,0,-0.06586310733997078,0,0.04037744841747529,0,0.13678451435157166,0
Kashgar,2025-03,2025,3,1,False,False,0.3473627530412382,0,0.157171333654738,0,0.3411498998205301,0,0.4632889601572715,0
Kashgar,2025-04,2025,4,0,False,False,0.10249306994066262,0,0.045376075857589813,0,0.13826515367641962,0,0.16826548732170307,0
Kashgar,2025-05,2025,5,1,False,False,-0.07452721661466422,0,-0.1917970873674072,0,-0.07587759440679342,0,-0.03187826295317214,0
Kashgar,2025-06,2025,6,1,False,False,0.17252968177644906,0,0.23957969068686355,0,0.24455122797609313,0,0.1644131325091698,0
Kashgar,2025-07,2025,7,1,False,False,-0.08538766412666096,0,0.15413572007427162,0,0.03384194812933833,0,-0.14327192908338923,0
Kashgar,2025-08,2025,8,0,False,False,0.16075957593917375,0,0.27411068526071564,0,0.24349764160724996,0,0.09919903558128249,0
Kashgar,2025-09,2025,9,1,False,False,-0.27852629168413123,0,-0.3401853784099922,0,-0.29699210901114137,0,-0.29027717544228904,0
Kashgar,2025-10,2025,10,0,False,True,-0.7892924987183491,0,-0.7721825166542976,0,-0.7895798489146186,0,-0.7800702512575001,0
Kashgar,2025-11,2025,11,1,False,True,-0.2116497670476041,0,-0.1177314820685679,0,-0.26193467419006133,0,-0.26762934098030017,0
Kashgar,2025-12,2025,12,0,False,True,-0.07737394700783717,0,-0.08128204459146632,0,-0.14421880804307552,0,-0.08412759650004886,0
Kashgar,2026-01,2026,1,3,True,True,0.45830354865740763,0,0.4910220991966965,0,0.38900041897852505,0,0.41780808967518734,0
Kashgar,2026-02,2026,2,1,False,True,0.3213560620715474,0,0.24027271961685814,0,0.22956680570987012,0,0.28037190694729375,0
Kashgar,2026-03,2026,3,0,False,False,0.3123029115920499,0,0.2399715090055764,0,0.3473268736609333,0,0.3916962661205121,0
Kashgar,2026-04,2026,4,1,False,False,-0.04459755212062305,0,-0.1650686185091194,0,-0.03716509531082063,0,0.01299170024908064,0
Kashgar,2026-05,2026,5,0,False,False,-0.3546178833515896,0,-0.31280280768650603,0,-0.31823137475606417,0,-0.397240071060585,0
Kashgar,2026-06,2026,6,1,False,False,-0.6927470868487959,0,-0.49339490162350663,0,-0.610497628282447,0,-0.7056278919314948,0
Lahore,2018-07,2018,7,0,False,False,-0.3737493779787003,0,-0.5729477307656577,0,-0.3790274464113253,0,-0.22399149309227379,0
Lahore,2018-08,2018,8,0,False,False,-0.45286893994859967,0,-0.6013387896663793,0,-0.4661459146687656,0,-0.3518807061109944,0
Lahore,2018-09,2018,9,0,False,False,-0.43122320733681907,0,-0.5411057986336616,0,-0.45013821014546196,0,-0.34335522540381314,0
Lahore,2018-10,2018,10,2,True,True,0.9495284417025616,0,0.8896869295025422,0,0.9927769773927763,0,0.955871419621501,0
Lahore,2018-11,2018,11,0,False,True,-0.17952935349570673,0,-0.023763922872869193,0,-0.21566633183832157,0,-0.34273713483668,0
Lahore,2018-12,2018,12,2,True,True,0.48784243705726255,0,0.8494693124360239,0,0.5182009256710964,0,0.3060931398222584,0
Lahore,2019-01,2019,1,2,True,True,0.6251809649367823,0,0.8165257342287396,0,0.6548148363701739,0,0.5405648792022032,0
Lahore,2019-02,2019,2,0,False,True,-0.1845050044291225,0,-0.19598824494868133,0,-0.20367254013344419,0,-0.1546698141440536,0
Lahore,2019-03,2019,3,0,False,False,0.08164986195981234,0,0.008070187057700663,0,0.04993167306234455,0,0.1376497571746683,0
Lahore,2019-04,2019,4,1,False,False,0.049326129256578394,0,-0.001755083317714623,0,-0.007723101780152425,0,0.016337137236054178,0
Lahore,2019-05,2019,5,2,True,False,0.5989982004738084,0,0.5077493916912592,0,0.6226506606848331,0,0.6331075429062427,0
Lahore,2019-06,2019,6,1,False,False,0.46537347122776884,0,0.26791525324317594,0,0.4638259849142057,0,0.5603546634703743,0
Lahore,2019-07,2019,7,0,False,False,-0.8559531944584686,0,-1.047049231396217,0,-0.8542686119998284,0,-0.7245530748318733,0
Lahore,2019-08,2019,8,0,False,False,-1.0374723873494953,0,-1.086793792120106,0,-1.0327063351348071,0,-0.9864139088061934,0
Lahore,2019-09,2019,9,0,False,False,-0.6665453904600176,0,-0.5719573489116705,0,-0.6391418558683247,0,-0.7500377472153006,0
Lahore,2019-10,2019,10,1,False,True,0.10992744976938726,0,0.27813348825074585,0,0.1777480120811398,0,-0.04420765801307208,0
Lahore,2019-11,2019,11,0,False,True,-0.5044730122797841,0,-0.35163727008792073,0,-0.5404750348397838,0,-0.5955274237339021,0
Lahore,2019-12,2019,12,3,True,True,1.3184929113527382,1,1.3767869163106834,1,1.309016312643632,1,1.3673956467548347,1
Lahore,2020-01,2020,1,3,True,True,0.6086459505847549,0,0.6433943333407696,0,0.601954557248144,0,0.658862395820416,0
Lahore,2020-02,2020,2,1,False,True,0.43866694545498663,0,0.42150366542319323,0,0.4506976734488769,0,0.4917078450176968,0
Lahore,2020-03,2020,3,1,False,False,-0.23817670793581167,0,-0.46769866871295795,0,-0.2751822381139941,0,-0.05551982660946725,0
Lahore,2020-04,2020,4,1,False,False,-0.22606025167235028,0,-0.4343111696768146,0,-0.2871801562848364,0,-0.10800860604075661,0
Lahore,2020-05,2020,5,1,False,False,0.22336164839084333,0,0.11523015015421624,0,0.2227443400572098,0,0.25511786859638824,0
Lahore,2020-06,2020,6,1,False,False,-0.09311545375640273,0,-0.16432019229771855,0,-0.08913560076265292,0,-0.10041793812517052,0
Lahore,2020-07,2020,7,0,False,False,-0.9493541699273494,0,-1.0230790801636602,0,-0.9525743306044717,0,-0.8914186202440956,0
Lahore,2020-08,2020,8,0,False,False,-1.396498851389848,0,-1.4347271226629446,0,-1.4067986089438187,0,-1.3466714371597528,0
Lahore,2020-09,2020,9,0,False,False,-0.24256511692654437,0,-0.13829621087076055,0,-0.19429322506191196,0,-0.30154228864234883,0
Lahore,2020-10,2020,10,2,True,True,0.3785883696936906,0,0.5005109061625544,0,0.4276827871085793,0,0.22479782401343326,0
Lahore,2020-11,2020,11,2,True,True,0.5895135214472708,0,0.8087467132267196,0,0.5903893034200182,0,0.41162388228844615,0
Lahore,2020-12,2020,12,3,True,True,0.9069941160367572,0,1.1730466760773983,1,0.911695498488854,0,0.76146890108521,0
Lahore,2021-01,2021,1,1,False,True,0.01613465570147618,0,0.25096829031677903,0,0.10460694544553215,0,-0.07152706086447877,0
Lahore,2021-02,2021,2,2,True,True,0.2244528403868013,0,0.4993687740248094,0,0.3462275754493997,0,0.12071986468442614,0
Lahore,2021-03,2021,3,1,False,False,-0.21966305177724288,0,-0.4317589494719,0,-0.23335018624229972,0,-0.0400592785300215,0
Lahore,2021-04,2021,4,1,False,False,-0.015388478223897412,0,-0.20950499337495548,0,-0.0897245310151007,0,0.12671155637867906,0
Lahore,2021-05,2021,5,1,False,False,-0.1715289244296415,0,-0.29559744127121423,0,-0.20572350366092645,0,-0.08370766958799117,0
Lahore,2021-06,2021,6,0,False,False,-0.31009234681941866,0,-0.41577589943231524,0,-0.3286564602684989,0,-0.2306518236664965,0
Lahore,2021-07,2021,7,0,False,False,-0.5855096664432123,0,-0.7367759173734326,0,-0.5951047207284769,0,-0.4989408135102027,0
Lahore,2021-08,2021,8,0,False,False,-0.22791985776393775,0,-0.3058817853156176,0,-0.23441593071771188,0,-0.21145199216320953,0
Lahore,2021-09,2021,9,0,False,False,-0.7920234515242501,0,-0.8460323208359458,0,-0.8105734888351092,0,-0.777256909628558,0
Lahore,2021-10,2021,10,1,False,True,0.030474501687266342,0,0.06388013246688443,0,0.03775216990800262,0,-0.027128596813999928,0
Lahore,2021-11,2021,11,3,True,True,0.6414630126406103,0,0.8648537324815182,0,0.6417050731099079,0,0.40428745406653205,0
Lahore,2021-12,2021,12,4,True,True,1.4096007665654535,1,1.5622563777853964,1,1.3672570575552885,1,1.2890052696353285,1
Lahore,2022-01,2022,1,3,True,True,0.8807519396912026,0,1.0299206335666666,1,0.9310850551377655,0,0.8855937273244827,0
Lahore,2022-02,2022,2,1,False,True,0.5640384309865402,0,0.499778341781575,0,0.5956188004384145,0,0.671938773150556,0
Lahore,2022-03,2022,3,0,False,False,0.14757225665376017,0,0.13967880480821557,0,0.14548577445623206,0,0.1339728076510291,0
Lahore,2022-04,2022,4,1,False,False,0.545397193939253,0,0.42169101641171036,0,0.5406512298579652,0,0.6124727371795355,0
Lahore,2022-05,2022,5,2,True,False,0.5920482174346136,0,0.5212211525694734,0,0.6171030486909932,0,0.5618971033652701,0
Lahore,2022-06,2022,6,1,False,False,0.23354964609119613,0,0.0883170307366447,0,0.22033257599463854,0,0.309283625770036,0
Lahore,2022-07,2022,7,0,False,False,-1.1985014473220224,0,-1.333946264908275,0,-1.1998534076606848,0,-1.0821620000247862,0
Lahore,2022-08,2022,8,0,False,False,-1.2619548762289106,0,-1.368805257605791,0,-1.2868552506257622,0,-1.1690739140831323,0
Lahore,2022-09,2022,9,0,False,False,-0.7354282558676979,0,-0.7935907846467031,0,-0.7411623402627326,0,-0.6939717799991558,0
Lahore,2022-10,2022,10,0,False,True,-0.08541223935343889,0,-0.006128076046105532,0,-0.07644952660662367,0,-0.1839931256201872,0
Lahore,2022-11,2022,11,1,False,True,0.011144593523036685,0,0.23575459405417454,0,-0.013278823673444108,0,-0.16146190102222358,0
Lahore,2022-12,2022,12,1,False,True,0.30679454045246607,0,0.5661088092784128,0,0.267322864253237,0,0.11550394630857425,0
Lahore,2023-01,2023,1,2,True,True,0.4424593459269161,0,0.6589291067014545,0,0.44220074884345856,0,0.3681027977487037,0
Lahore,2023-02,2023,2,0,False,True,-0.2802326510092349,0,-0.16641649771181738,0,-0.2370333762381214,0,-0.35354066807482926,0
Lahore,2023-03,2023,3,0,False,False,-0.6565310837165741,0,-0.7284555661461729,0,-0.6878337804379833,0,-0.5755825621349413,0
Lahore,2023-04,2023,4,1,False,False,0.2345324790922922,0,-0.07318449370900335,0,0.17300084842685115,0,0.43819667324351497,0
Lahore,2023-05,2023,5,2,True,False,0.5032706145811614,0,0.26083537693482156,0,0.47248292025915395,0,0.6521182693207443,0
Lahore,2023-06,2023,6,0,False,False,-0.11913070985382518,0,-0.2035364192044835,0,-0.12443107292338304,0,-0.08257016138106643,0
Lahore,2023-07,2023,7,0,False,False,-1.1470740090476437,0,-1.1393033444990184,0,-1.14193510334228,0,-1.1101272671612157,0
Lahore,2023-08,2023,8,0,False,False,-0.49352410199355773,0,-0.5313646031419245,0,-0.4908554998261212,0,-0.4969951441044945,0
Lahore,2023-09,2023,9,0,False,False,-0.6029247476723136,0,-0.5863100821136007,0,-0.5974748460973629,0,-0.6376177881282717,0
Lahore,2023-10,2023,10,1,False,True,0.020629849780905513,0,0.13655134787680323,0,0.07341658422766306,0,-0.10660883807390775,0
Lahore,2023-11,2023,11,1,False,True,0.7268021624274128,0,0.8213719389077669,0,0.7607095549852635,0,0.6274761527275359,0
Lahore,2023-12,2023,12,3,True,True,1.371722851484466,1,1.5508832361051768,1,1.3577530221228664,1,1.2771485360182353,1
Lahore,2024-01,2024,1,2,True,True,1.106790785750163,1,1.2676721870266143,1,1.087975352481343,1,1.0652927966835442,1
Lahore,2024-02,2024,2,1,False,True,0.3482707622257987,0,0.28578708382223583,0,0.30630468736281347,0,0.4186348711123496,0
Lahore,2024-03,2024,3,0,False,False,-0.10324272880414642,0,-0.2244148597770179,0,-0.1721421128785791,0,-0.02646148134507373,0
Lahore,2024-04,2024,4,1,False,False,0.18147056125234737,0,-0.08292472406949962,0,0.10296127302800234,0,0.36330339472423784,0
Lahore,2024-05,2024,5,1,False,False,0.4837409453167238,0,0.4260081153389898,0,0.5080691932331112,0,0.5006975505205802,0
Lahore,2024-06,2024,6,0,False,False,-0.06477462689814997,0,-0.13635254094690577,0,-0.05069550789985486,0,-0.02704561676861522,0
Lahore,2024-07,2024,7,0,False,False,-0.9361995389297776,0,-0.9750731060412461,0,-0.9145584351370516,0,-0.8935020405700537,0
Lahore,2024-08,2024,8,0,False,False,-1.3115964175934869,0,-1.3464488046268164,0,-1.311108124532277,0,-1.2790128183360354,0
Lahore,2024-09,2024,9,0,False,False,-0.6088144747051473,0,-0.5952421977783507,0,-0.6130144695882564,0,-0.629680918838557,0
Lahore,2024-10,2024,10,0,False,True,-0.05139596396683435,0,0.07754497027677865,0,-0.02339319771928465,0,-0.166786306633108,0
Lahore,2024-11,2024,11,2,True,True,0.7148461309083294,0,0.9219387907560466,0,0.8231654574380459,0,0.5064784987366643,0
Lahore,2024-12,2024,12,1,False,True,0.24090456544417832,0,0.3815050860191707,0,0.2564358842119867,0,0.16808207071406459,0
Lahore,2025-01,2025,1,2,True,True,0.8750623876956314,0,1.0302465015387319,1,0.8239527068566268,0,0.7788751538497848,0
Lahore,2025-02,2025,2,1,False,True,0.11771735206548953,0,-0.0037311079080987186,0,0.13045785334983914,0,0.2737083860664889,0
Lahore,2025-03,2025,3,1,False,False,-0.09583642540284164,0,-0.31459799610480105,0,-0.15558545022367876,0,0.06217604515108109,0
Lahore,2025-04,2025,4,3,True,False,0.5594056678865945,0,0.4407645033741852,0,0.578690943297879,0,0.6111091183449827,0
Lahore,2025-05,2025,5,2,True,False,0.7073667224476661,0,0.6488577162082223,0,0.7624140884518817,0,0.7107484305247974,0
Lahore,2025-06,2025,6,0,False,False,-0.122793838677515,0,-0.1626778877904724,0,-0.09403484493493713,0,-0.1091305104862411,0
Lahore,2025-07,2025,7,0,False,False,-1.1555540506844613,0,-1.2237666286445088,0,-1.1657240637282196,0,-1.0739541587791335,0
Lahore,2025-08,2025,8,0,False,False,-0.9649063572617531,0,-1.0146668362414526,0,-0.988703873102629,0,-0.9292897621233684,0
Lahore,2025-09,2025,9,0,False,False,-0.7292347096184573,0,-0.792886754656391,0,-0.7584600556005245,0,-0.7027774990546526,0
Lahore,2025-10,2025,10,0,False,True,-0.10183496783716653,0,-0.03215658603313418,0,-0.08815229951933345,0,-0.18771265838699475,0
Lahore,2025-11,2025,11,2,True,True,0.5247827698659366,0,0.7568682756838548,0,0.5378829370149287,0,0.3250652575678682,0
Lahore,2025-12,2025,12,2,True,True,0.3858254495208814,0,0.6677468005738684,0,0.41726205813817147,0,0.24118219732539295,0
Lahore,2026-01,2026,1,1,False,True,0.1252375753923343,0,0.48473308882407573,0,0.22089657720753506,0,-0.05912467115447978,0
Lahore,2026-02,2026,2,0,False,True,0.21936751877158286,0,0.4057577183801684,0,0.2364262808787656,0,0.10361984895293447,0
Lahore,2026-03,2026,3,0,False,False,-0.7962412566843056,0,-0.9737357130365251,0,-0.8199225053401471,0,-0.6485300135321379,0
Lahore,2026-04,2026,4,1,False,False,-0.45338758387652023,0,-0.6889791142815914,0,-0.4536744372115481,0,-0.2652575858794807,0
Lahore,2026-05,2026,5,1,False,False,0.363901410146535,0,0.25012217487616767,0,0.3654245018580265,0,0.4142281949074163,0
Lahore,2026-06,2026,6,2,True,False,0.5411223362503719,0,0.5221018452377051,0,0.4508495826073668,0,0.45506422670574387,0
Loni,2018-07,2018,7,1,False,False,-0.3571855467615208,0,-0.5694356925421601,0,-0.3701513502724795,0,-0.2012558176736534,0
Loni,2018-08,2018,8,0,False,False,-0.7233144800696518,0,-0.8562092935399122,0,-0.7450603545035754,0,-0.6052273481259088,0
Loni,2018-09,2018,9,0,False,False,-0.5340737421551387,0,-0.6707387952273929,0,-0.5599853326289692,0,-0.4142987271253964,0
Loni,2018-10,2018,10,1,False,True,0.5453536178571365,0,0.513751252855271,0,0.5689247332607541,0,0.5408918899980344,0
Loni,2018-11,2018,11,1,False,True,0.3728007868830116,0,0.5416702002284717,0,0.397537137703617,0,0.2211122880949234,0
Loni,2018-12,2018,12,3,True,True,0.6964193642461632,0,1.0409623282257225,1,0.7087351664406529,0,0.4587777148320009,0
Loni,2019-01,2019,1,1,False,True,0.42871665113270313,0,0.660574649090027,0,0.4800469081988569,0,0.3261805141010503,0
Loni,2019-02,2019,2,1,False,True,0.14206689349207144,0,0.32498439270177015,0,0.05575779400374549,0,0.012436988142039945,0
Loni,2019-03,2019,3,0,False,False,0.08545607617274925,0,0.04571755469262093,0,0.027360010042574618,0,0.08878464516380549,0
Loni,2019-04,2019,4,1,False,False,0.40400626840474024,0,0.3628113570236097,0,0.39531104827541474,0,0.3749601311940206,0
Loni,2019-05,2019,5,2,True,False,0.6325880070032024,0,0.5332177603182642,0,0.6565158604901642,0,0.660963430263287,0
Loni,2019-06,2019,6,1,False,False,0.3468055395450898,0,0.18131983983761374,0,0.34423943120577294,0,0.4571766050601713,0
Loni,2019-07,2019,7,0,False,False,-0.6085538570817222,0,-0.8650716091262585,0,-0.6436839399990791,0,-0.44079545725173214,0
Loni,2019-08,2019,8,0,False,False,-0.9411049954740137,0,-1.0483771831086826,0,-0.9659149874995194,0,-0.8414960823024908,0
Loni,2019-09,2019,9,0,False,False,-1.0943408458573831,0,-1.141160287298439,0,-1.0946538013784075,0,-1.0290345746877056,0
Loni,2019-10,2019,10,1,False,True,0.054260345803573765,0,0.14373982852839118,0,0.12563113415267105,0,-0.040694754083366265,0
Loni,2019-11,2019,11,0,False,True,-0.24208062440938707,0,-5.196492552652504e-05,0,-0.17898150521481648,0,-0.43124087149128776,0
Loni,2019-12,2019,12,3,True,True,0.7921805412683763,0,0.8022956622666105,0,0.798372047722623,0,0.862759425892208,0
Loni,2020-01,2020,1,2,True,True,0.525713865066391,0,0.6207483446649208,0,0.5241391308695574,0,0.5145799394649337,0
Loni,2020-02,2020,2,1,False,True,0.5052419745571095,0,0.4723373261300973,0,0.4985749728620621,0,0.5666310427756596,0
Loni,2020-03,2020,3,1,False,False,0.09250535028717517,0,-0.0917161356825896,0,0.04682124303279944,0,0.23966198680477308,0
Loni,2020-04,2020,4,1,False,False,0.16861033489699745,0,-0.06972983854311024,0,0.11392113225652123,0,0.29411679035178584,0
Loni,2020-05,2020,5,1,False,False,0.37609026574790716,0,0.27028270830252904,0,0.38322274233863696,0,0.4130578652707376,0
Loni,2020-06,2020,6,0,False,False,-0.11823902281656631,0,-0.204258638145113,0,-0.10431406204743943,0,-0.08850443624773771,0
Loni,2020-07,2020,7,0,False,False,-1.0835485759390997,0,-1.144993393018127,0,-1.0713415943882514,0,-1.0099274980678836,0
Loni,2020-08,2020,8,0,False,False,-1.4091728136848634,0,-1.4668647648878248,0,-1.4223368204975426,0,-1.3570927811405398,0
Loni,2020-09,2020,9,0,False,False,-0.7769806350053835,0,-0.7397989448619701,0,-0.7720400136381722,0,-0.7961310176448406,0
Loni,2020-10,2020,10,2,True,True,0.22065284140795982,0,0.3819714157032769,0,0.2843853251086838,0,0.05468411301423137,0
Loni,2020-11,2020,11,4,True,True,1.0379132058859852,1,1.2493957583786195,1,1.0650698287615372,1,0.8675624111631042,0
Loni,2020-12,2020,12,2,True,True,0.4612132095963858,0,0.7226261619592893,0,0.4538981153416053,0,0.3013615842557737,0
Loni,2021-01,2021,1,1,False,True,-0.018010408921561083,0,0.35609831510955947,0,0.07486684829060342,0,-0.20520767603415968,0
Loni,2021-02,2021,2,2,True,True,0.40670004507796625,0,0.6365981410807424,0,0.4981384576186715,0,0.33827981189995215,0
Loni,2021-03,2021,3,0,False,False,-0.03199777663346544,0,-0.14200194067503297,0,-0.035209106035818775,0,0.0610480866344021,0
Loni,2021-04,2021,4,1,False,False,0.51102028799572,0,0.3936046408275895,0,0.4791776433250942,0,0.5817070941827299,0
Loni,2021-05,2021,5,1,False,False,-0.11950530841370852,0,-0.2328459486843132,0,-0.13782322763980728,0,-0.03631532373874383,0
Loni,2021-06,2021,6,0,False,False,-0.31838781745185657,0,-0.4594967148114265,0,-0.33008333675942203,0,-0.20940106403755732,0
Loni,2021-07,2021,7,0,False,False,-0.6355926723361537,0,-0.8079436948333566,0,-0.6296269845548901,0,-0.5137231852694182,0
Loni,2021-08,2021,8,0,False,False,-0.6389027407841417,0,-0.781356596264634,0,-0.6702536645483215,0,-0.5686042081915227,0
Loni,2021-09,2021,9,0,False,False,-0.9361138047396699,0,-1.0802633904039618,0,-0.9627526006932707,0,-0.8273772838305911,0
Loni,2021-10,2021,10,1,False,True,0.04474080999420868,0,0.09954796093517135,0,0.06095267644782687,0,-0.029055791323844893,0
Loni,2021-11,2021,11,3,True,True,0.8441112073573718,0,1.0629756604456375,1,0.8162661095264869,0,0.5888611250242461,0
Loni,2021-12,2021,12,3,True,True,0.8919381788552913,0,0.9550835672740244,0,0.8363471850228488,0,0.8197884146845108,0
Loni,2022-01,2022,1,1,False,True,0.2979759459114646,0,0.4030787351086612,0,0.37236418538313876,0,0.31571802737751564,0
Loni,2022-02,2022,2,2,True,True,0.669075069385553,0,0.6703571096651691,0,0.682334942354145,0,0.7278960823611345,0
Loni,2022-03,2022,3,0,False,False,0.2783048455897338,0,0.21484766573374225,0,0.2648253954757182,0,0.29973627013433485,0
Loni,2022-04,2022,4,2,True,False,0.6985711445959946,0,0.6001583325163762,0,0.7187227065344579,0,0.745419141476732,0
Loni,2022-05,2022,5,2,True,False,0.8029229770297647,0,0.7022039140824996,0,0.801454304152108,0,0.807329495940684,0
Loni,2022-06,2022,6,0,False,False,-0.11302216672105204,0,-0.2917344736986875,0,-0.12520637427368064,0,-0.006830232919937493,0
Loni,2022-07,2022,7,0,False,False,-1.0876715805232284,0,-1.2307089074629762,0,-1.1107092684049162,0,-0.9630634541536065,0
Loni,2022-08,2022,8,0,False,False,-1.1433990893252994,0,-1.2691894894457034,0,-1.1880075179674967,0,-1.0598209382881492,0
Loni,2022-09,2022,9,0,False,False,-0.8884915253801797,0,-0.9794822348226137,0,-0.9118138724202044,0,-0.8239412970670428,0
Loni,2022-10,2022,10,1,False,True,0.08353485461775176,0,0.22965722686716736,0,0.16296063298766184,0,-0.018740210539045524,0
Loni,2022-11,2022,11,1,False,True,0.19129729423402816,0,0.4441618498250025,0,0.1911649732076094,0,-0.007389442186435453,0
Loni,2022-12,2022,12,2,True,True,0.21090223058547647,0,0.5066502716313664,0,0.14190989297146586,0,-0.01631344213617436,0
Loni,2023-01,2023,1,2,True,True,0.10893496011872757,0,0.3882753666114299,0,0.12619382137256757,0,-0.04488476378660329,0
Loni,2023-02,2023,2,1,False,True,0.10050864227405217,0,0.3234238091658733,0,0.1456966770531361,0,-0.04554675990775621,0
Loni,2023-03,2023,3,0,False,False,-0.17862360259874557,0,-0.21334314607706295,0,-0.17108199262643892,0,-0.12600875559239194,0
Loni,2023-04,2023,4,1,False,False,0.5022917166905273,0,0.28837891826185,0,0.48490409102869036,0,0.6617726204270856,0
Loni,2023-05,2023,5,2,True,False,0.37590806167773394,0,0.14180896199784,0,0.3359444152147056,0,0.49673687339229283,0
Loni,2023-06,2023,6,0,False,False,-0.5177952482098522,0,-0.7142212078530491,0,-0.5432423820539829,0,-0.39545762058377515,0
Loni,2023-07,2023,7,0,False,False,-1.1334819800616323,0,-1.1648537221507045,0,-1.1157241050671016,0,-1.0705270657262205,0
Loni,2023-08,2023,8,0,False,False,-0.8524994782938587,0,-0.9475756744382119,0,-0.8691987779472058,0,-0.8020077939951182,0
Loni,2023-09,2023,9,0,False,False,-0.676417897185018,0,-0.6946206284818848,0,-0.6826375819185697,0,-0.6500023307202752,0
Loni,2023-10,2023,10,0,False,True,0.1792717983438019,0,0.19726023500013537,0,0.17470235104787724,0,0.1246573226875931,0
Loni,2023-11,2023,11,2,True,True,1.094780867476234,1,1.2251501597993013,1,1.1597681990177966,1,0.9644302275673162,0
Loni,2023-12,2023,12,2,True,True,0.9971221597680405,0,1.1703169281644912,1,0.9546752848785364,0,0.8868380462378656,0
Loni,2024-01,2024,1,2,True,True,1.2560893650889853,1,1.4150111571362167,1,1.232747583747018,1,1.2037947671961695,1
Loni,2024-02,2024,2,0,False,True,0.058739936662229875,0,0.0018453810741764498,0,0.007838666100801417,0,0.114041883696612,0
Loni,2024-03,2024,3,0,False,False,0.03919500530836109,0,-0.08089920338927993,0,-0.02577025557020043,0,0.09634561306631631,0
Loni,2024-04,2024,4,1,False,False,0.4452602703380111,0,0.19912107024636194,0,0.4137724977798214,0,0.6188848552659586,0
Loni,2024-05,2024,5,2,True,False,0.7868329998920054,0,0.7182864157139445,0,0.8130156858704145,0,0.8045377502367875,0
Loni,2024-06,2024,6,0,False,False,-0.10550152446740185,0,-0.21237590110297055,0,-0.09003691561278707,0,-0.047956966561520945,0
Loni,2024-07,2024,7,0,False,False,-0.9708530923444239,0,-0.9950105216297652,0,-0.9529198311818893,0,-0.9298381496539361,0
Loni,2024-08,2024,8,0,False,False,-1.3035689126432979,0,-1.3626029251284826,0,-1.3099721590202658,0,-1.248328747246594,0
Loni,2024-09,2024,9,0,False,False,-0.9035092973807206,0,-0.9108290263067672,0,-0.9176131917387551,0,-0.8922932721621755,0
Loni,2024-10,2024,10,0,False,True,-0.00428935987239179,0,0.12929539266271334,0,0.021337807121518462,0,-0.1115163103937063,0
Loni,2024-11,2024,11,2,True,True,0.5914541089863019,0,0.8005079997963748,0,0.660397357306553,0,0.38362953429825264,0
Loni,2024-12,2024,12,1,False,True,0.11015050043234036,0,0.2976501609274776,0,0.14720275519776926,0,0.008699042257834546,0
Loni,2025-01,2025,1,1,False,True,0.48643888832479437,0,0.6596788551249988,0,0.4852033182912674,0,0.3782660456331719,0
Loni,2025-02,2025,2,0,False,True,0.029601632280910742,0,-0.07875189544180142,0,-0.01138554779490062,0,0.12641246256105376,0
Loni,2025-03,2025,3,1,False,False,0.2146165756848904,0,0.08547041143120385,0,0.2116517883485956,0,0.3156622483995798,0
Loni,2025-04,2025,4,3,True,False,0.9929355071409542,0,0.9245755452291105,0,1.0564989229892525,0,1.044511002211913,0
Loni,2025-05,2025,5,1,False,False,0.518840113021935,0,0.4091549777214185,0,0.5283970466471511,0,0.5749110104018607,0
Loni,2025-06,2025,6,0,False,False,-0.22517893320032312,0,-0.3345021422638936,0,-0.24098012901530444,0,-0.1622716868007032,0
Loni,2025-07,2025,7,0,False,False,-0.9111776438687921,0,-0.9986756084977114,0,-0.9378419052546578,0,-0.827632701822445,0
Loni,2025-08,2025,8,0,False,False,-1.1485559206630298,0,-1.2390453479312327,0,-1.1813267780749968,0,-1.086641098411333,0
Loni,2025-09,2025,9,0,False,False,-0.902650064183381,0,-1.0012284440738448,0,-0.9299535776983493,0,-0.8300801727310355,0
Loni,2025-10,2025,10,0,False,True,-0.15291863480240217,0,-0.0639031384423792,0,-0.0909738617058716,0,-0.19327641136765322,0
Loni,2025-11,2025,11,3,True,True,0.9270562047679931,0,1.1796277785145515,1,0.8593130959610584,0,0.6440832875181058,0
Loni,2025-12,2025,12,1,False,True,0.1709922754964423,0,0.4575990086295729,0,0.2513976273067476,0,0.016056014407477073,0
Loni,2026-01,2026,1,1,False,True,-0.03174308133826878,0,0.35819161593981774,0,0.04433930681192785,0,-0.23238025663833978,0
Loni,2026-02,2026,2,0,False,True,-0.06683161025648379,0,0.07669551877954187,0,-0.017525555767735262,0,-0.1317204589346417,0
Loni,2026-03,2026,3,1,False,False,0.09962431908583566,0,0.10209947586964133,0,0.015356007431996471,0,0.060256582001485065,0
Loni,2026-04,2026,4,0,False,False,0.024436506447523126,0,-0.09541638864177147,0,0.016287664671112465,0,0.115888144345156,0
Loni,2026-05,2026,5,1,False,False,0.5094921505027281,0,0.42861555011578467,0,0.4860995092057853,0,0.5188874531628542,0
Loni,2026-06,2026,6,1,False,False,-0.5349782844413362,0,-0.8701857720630156,0,-0.5445569323530886,0,-0.33093146393651635,0
Noida,2018-07,2018,7,1,False,False,-0.3319878020095636,0,-0.5438373988628108,0,-0.3329760255373545,0,-0.17928813215374123,0
Noida,2018-08,2018,8,0,False,False,-0.8081050645869492,0,-0.9702988518928073,0,-0.8498768243261432,0,-0.6715888137167025,0
Noida,2018-09,2018,9,0,False,False,-0.4137676859695596,0,-0.520617864594925,0,-0.43209960265612585,0,-0.3118817147836761,0
Noida,2018-10,2018,10,1,False,True,0.5191500254564406,0,0.4848724521504553,0,0.526813791202704,0,0.5204102788326457,0
Noida,2018-11,2018,11,2,True,True,0.3535333793832394,0,0.5140630808874419,0,0.3943814675096968,0,0.20228157775768318,0
Noida,2018-12,2018,12,3,True,True,0.6811771477263885,0,1.0358185823126422,1,0.693757193807219,0,0.44006680406378673,0
Noida,2019-01,2019,1,2,True,True,0.4694798970036588,0,0.7194988654742582,0,0.4894486741430734,0,0.326555961837536,0
Noida,2019-02,2019,2,2,True,True,0.00333977082556719,0,0.2211958924137662,0,-0.029317694766753166,0,-0.12013153726689146,0
Noida,2019-03,2019,3,1,False,False,0.24969384351177096,0,0.2661376681710146,0,0.19111057709695334,0,0.22564844464513947,0
Noida,2019-04,2019,4,1,False,False,0.4303094680103937,0,0.370057135588288,0,0.40441957897494346,0,0.40705271324844017,0
Noida,2019-05,2019,5,1,False,False,0.536885058940652,0,0.4108705057441272,0,0.5300417184569114,0,0.5813917961108255,0
Noida,2019-06,2019,6,2,True,False,0.3670623089334778,0,0.1900571598627011,0,0.3691622658954969,0,0.4781214856829904,0
Noida,2019-07,2019,7,0,False,False,-0.7286192885062767,0,-1.0211904933970095,0,-0.7471768651017456,0,-0.5240493750604475,0
Noida,2019-08,2019,8,0,False,False,-0.9244396813101838,0,-1.0692433944192694,0,-0.9649110885274967,0,-0.8118626920627381,0
Noida,2019-09,2019,9,0,False,False,-1.0367220937759383,0,-1.088055608228538,0,-1.0388769239806734,0,-0.9721051015336536,0
Noida,2019-10,2019,10,1,False,True,0.16580097856527645,0,0.2511839729705226,0,0.2322778107542739,0,0.07013736150285475,0
Noida,2019-11,2019,11,0,False,True,-0.29611497581483837,0,-0.07557243666142635,0,-0.22957967887164524,0,-0.47194202355154274,0
Noida,2019-12,2019,12,2,True,True,0.7633247136164371,0,0.825060732481564,0,0.7934016259266592,0,0.8111829664474818,0
Noida,2020-01,2020,1,1,False,True,0.3765564219198157,0,0.5111940234524714,0,0.44145091790537155,0,0.3705564601661746,0
Noida,2020-02,2020,2,1,False,True,0.5235178338787587,0,0.5249351072131063,0,0.5503231253406452,0,0.5868063136764051,0
Noida,2020-03,2020,3,1,False,False,0.008411327603183236,0,-0.17987906020012678,0,-0.04608504418041798,0,0.15463109121505386,0
Noida,2020-04,2020,4,1,False,False,0.1935846162870328,0,-0.03587460834817942,0,0.12802076301480875,0,0.3133621726720318,0
Noida,2020-05,2020,5,1,False,False,0.26992505015507,0,0.10968530308432256,0,0.24487801016324534,0,0.3248019322847422,0
Noida,2020-06,2020,6,1,False,False,-0.14545319249795274,0,-0.26871426867253845,0,-0.13709879429481747,0,-0.09592907177199025,0
Noida,2020-07,2020,7,0,False,False,-1.0969002976629998,0,-1.1758561698343912,0,-1.0666741508203472,0,-1.006138232248628,0
Noida,2020-08,2020,8,0,False,False,-1.298252979704777,0,-1.3565064288006263,0,-1.3196191908235797,0,-1.2489389426823003,0
Noida,2020-09,2020,9,0,False,False,-0.5630158606530107,0,-0.49831455514747036,0,-0.559333237785329,0,-0.5981817154699105,0
Noida,2020-10,2020,10,2,True,True,0.38536050844150616,0,0.5635921527855545,0,0.42997183272827605,0,0.1967429795041713,0
Noida,2020-11,2020,11,3,True,True,0.7519887213611757,0,0.9001662168738789,0,0.7566869543317505,0,0.6041186866110214,0
Noida,2020-12,2020,12,2,True,True,0.5942778508721993,0,0.9055722875940004,0,0.5774788144203956,0,0.3981683260432297,0
Noida,2021-01,2021,1,1,False,True,-0.17105250567385155,0,0.19533749661684707,0,-0.06155627783952877,0,-0.35254410082534066,0
Noida,2021-02,2021,2,2,True,True,0.21146173246291705,0,0.38015048974097554,0,0.2771401480178331,0,0.16790269128442908,0
Noida,2021-03,2021,3,0,False,False,-0.019461432660372986,0,-0.10842014175721829,0,-0.01150284855615396,0,0.06655398561115844,0
Noida,2021-04,2021,4,1,False,False,0.564644902411819,0,0.454335071486787,0,0.5199387954006549,0,0.6257622698558379,0
Noida,2021-05,2021,5,1,False,False,-0.15599939645213134,0,-0.3022701431234204,0,-0.22062581521287747,0,-0.06783358762411665,0
Noida,2021-06,2021,6,0,False,False,-0.3155343481207748,0,-0.456579343276504,0,-0.3255012264150818,0,-0.20517350341934537,0
Noida,2021-07,2021,7,0,False,False,-0.6349959572276257,0,-0.815191236918034,0,-0.6138718155236909,0,-0.5040028638376813,0
Noida,2021-08,2021,8,0,False,False,-0.5785116069116001,0,-0.7078937213354624,0,-0.6090306284767113,0,-0.5112615282184362,0
Noida,2021-09,2021,9,0,False,False,-0.9496005136488963,0,-1.1188881892238116,0,-0.9886109167015743,0,-0.8374404358647212,0
Noida,2021-10,2021,10,1,False,True,0.12557229434286318,0,0.19122737370037307,0,0.1323340241786119,0,0.046233622851837575,0
Noida,2021-11,2021,11,3,True,True,0.9150211161549149,0,1.1559736584235076,1,0.9328917279206366,0,0.6633816200795759,0
Noida,2021-12,2021,12,3,True,True,1.0084557153227411,1,1.1322186856659615,1,0.9683948332078844,0,0.9084218301068061,0
Noida,2022-01,2022,1,1,False,True,0.3492972764600738,0,0.4875034029324189,0,0.449078071074286,0,0.35346486942703337,0
Noida,2022-02,2022,2,1,False,True,0.491439477888491,0,0.4456841848268797,0,0.4645408088600421,0,0.5467460365634946,0
Noida,2022-03,2022,3,0,False,False,0.3928456845082309,0,0.3486211851946335,0,0.3783650330603281,0,0.39643492183072787,0
Noida,2022-04,2022,4,1,False,False,0.4709893051064816,0,0.3199318626800204,0,0.4672089833223626,0,0.548598867123899,0
Noida,2022-05,2022,5,1,False,False,0.6282457003917594,0,0.47528803867446173,0,0.604773214026901,0,0.6561882403986288,0
Noida,2022-06,2022,6,0,False,False,-0.13870334626487577,0,-0.3370247095301674,0,-0.16501764772470842,0,-0.025657464546622072,0
Noida,2022-07,2022,7,0,False,False,-1.1390755928641227,0,-1.3009474280213134,0,-1.157440387782505,0,-0.9981701586082876,0
Noida,2022-08,2022,8,0,False,False,-1.095745428466535,0,-1.2124688163684356,0,-1.1325075885875684,0,-1.0055377702824153,0
Noida,2022-09,2022,9,0,False,False,-0.6935209986050117,0,-0.7334301740472255,0,-0.6933558382329186,0,-0.6425706413117062,0
Noida,2022-10,2022,10,1,False,True,0.012872979418966507,0,0.1361455519189252,0,0.06961620173316116,0,-0.08770302166218821,0
Noida,2022-11,2022,11,2,True,True,0.30577770024615225,0,0.5912617247508717,0,0.32997582786442387,0,0.09167072368046633,0
Noida,2022-12,2022,12,2,True,True,0.41557724218038616,0,0.7794351769889276,0,0.38476332238619204,0,0.16653539738696546,0
Noida,2023-01,2023,1,2,True,True,0.22399433676761635,0,0.5656918247491449,0,0.27517523447324754,0,0.044643966488469536,0
Noida,2023-02,2023,2,0,False,True,-0.08935152844131533,0,0.1029905434029452,0,-0.05750839323706296,0,-0.23100201592743097,0
Noida,2023-03,2023,3,0,False,False,-0.21644373992419702,0,-0.24166391969434975,0,-0.2102998227130393,0,-0.16396148822023177,0
Noida,2023-04,2023,4,1,False,False,0.532166278958599,0,0.30780856773961396,0,0.47276446144367235,0,0.6788685909438963,0
Noida,2023-05,2023,5,2,True,False,0.3130599135028972,0,0.06514699649039332,0,0.26458657589959017,0,0.44204047562118776,0
Noida,2023-06,2023,6,0,False,False,-0.4043938656775858,0,-0.5963086098408524,0,-0.4217110595748772,0,-0.27788674854873574,0
Noida,2023-07,2023,7,0,False,False,-1.187178555009697,0,-1.2531751688336756,0,-1.1641547319069983,0,-1.100821682556799,0
Noida,2023-08,2023,8,0,False,False,-0.7397326438684878,0,-0.8173571528495321,0,-0.7498086509643397,0,-0.6937712978666113,0
Noida,2023-09,2023,9,0,False,False,-0.6959897745231511,0,-0.7235847133243405,0,-0.7032896491598071,0,-0.6609088458833988,0
Noida,2023-10,2023,10,0,False,True,0.34643073785408474,0,0.38699109497656276,0,0.34570337403119966,0,0.2814076365962743,0
Noida,2023-11,2023,11,2,True,True,0.8497635062158219,0,0.9326841945015041,0,0.9027614578708796,0,0.7381531214251358,0
Noida,2023-12,2023,12,3,True,True,1.067675334145415,1,1.270776342682588,1,1.0457812038375351,1,0.9432382879282425,0
Noida,2024-01,2024,1,2,True,True,0.9486506195218808,0,1.0673114111631565,1,0.9673625479659682,0,0.932458196006422,0
Noida,2024-02,2024,2,0,False,True,0.22653808700617745,0,0.23069851472279634,0,0.19651859245352243,0,0.25434026545355337,0
Noida,2024-03,2024,3,1,False,False,0.26688601380831034,0,0.19403811669227367,0,0.1778090896497427,0,0.2864123216442262,0
Noida,2024-04,2024,4,1,False,False,0.44817221658434914,0,0.20520933612419118,0,0.41284909107968015,0,0.6154684938627044,0
Noida,2024-05,2024,5,2,True,False,0.8779040413022308,0,0.8002226780138466,0,0.881971047257412,0,0.8902322087389039,0
Noida,2024-06,2024,6,0,False,False,0.101530516249148,0,0.004512087702047904,0,0.08229516711167502,0,0.14030406020399186,0
Noida,2024-07,2024,7,0,False,False,-1.1909430787369557,0,-1.2690027816601197,0,-1.1697140576931009,0,-1.1158487912134847,0
Noida,2024-08,2024,8,0,False,False,-1.403721111510379,0,-1.481342389788453,0,-1.3918568658135462,0,-1.3287863416761483,0
Noida,2024-09,2024,9,0,False,False,-0.9280322214819204,0,-0.9504472304916354,0,-0.9410504763987688,0,-0.9067852389520374,0
Noida,2024-10,2024,10,0,False,True,-0.03115622676660866,0,0.09220245192227333,0,-0.028544603310708953,0,-0.14206737508509465,0
Noida,2024-11,2024,11,2,True,True,0.5014993259077227,0,0.7029375577615824,0,0.5834769900754474,0,0.30534075106294367,0
Noida,2024-12,2024,12,1,False,True,0.1826718181160502,0,0.4036602478380432,0,0.22888347762268232,0,0.0689314499540287,0
Noida,2025-01,2025,1,1,False,True,0.37979825863498723,0,0.5589057940068204,0,0.4184690107050537,0,0.28977862877668725,0
Noida,2025-02,2025,2,0,False,True,0.18810263463634197,0,0.13852288049960182,0,0.18349190374279273,0,0.2622791342802427,0
Noida,2025-03,2025,3,1,False,False,0.16247077724600947,0,0.03484972637631026,0,0.15041326770113575,0,0.2604146368910421,0
Noida,2025-04,2025,4,3,True,False,0.795330500409714,0,0.6668297187260707,0,0.8254614926612653,0,0.8490816665142764,0
Noida,2025-05,2025,5,1,False,False,0.3309174376788813,0,0.1671794690206552,0,0.3276708189521079,0,0.4181719403888853,0
Noida,2025-06,2025,6,0,False,False,-0.18787612684786836,0,-0.2985083626035991,0,-0.21441173280885295,0,-0.12567980145359875,0
Noida,2025-07,2025,7,0,False,False,-0.9606281847788474,0,-1.0739127324370994,0,-1.0001630747346273,0,-0.86779100115581,0
Noida,2025-08,2025,8,0,False,False,-1.1121931842834298,0,-1.1967502172589164,0,-1.1481836361847935,0,-1.0449527475329206,0
Noida,2025-09,2025,9,0,False,False,-0.7472938749640292,0,-0.8251836303493167,0,-0.7711602154426892,0,-0.6827375975927215,0
Noida,2025-10,2025,10,0,False,True,-0.07524040245325686,0,0.025509006630009094,0,-0.018215649499914097,0,-0.13159316969635113,0
Noida,2025-11,2025,11,3,True,True,1.0624833035064951,1,1.3407157587959317,1,0.9863059261331151,0,0.7630149435777689,0
Noida,2025-12,2025,12,1,False,True,0.16412886121500742,0,0.4618425885935335,0,0.26032188877541146,0,0.010013367002507503,0
Noida,2026-01,2026,1,2,True,True,0.04965499052508149,0,0.4694542830576862,0,0.14934017086350623,0,-0.17461339213081922,0
Noida,2026-02,2026,2,0,False,True,0.12917832572079707,0,0.2995602163179405,0,0.14510116450967736,0,0.03214305954749877,0
Noida,2026-03,2026,3,0,False,False,-0.12170842577973127,0,-0.16235266466149967,0,-0.1971799872386958,0,-0.11970100680160793,0
Noida,2026-04,2026,4,0,False,False,0.24774717293362453,0,0.1600723251148327,0,0.21434168814457807,0,0.30556541902369605,0
Noida,2026-05,2026,5,0,False,False,-0.10928486702725185,0,-0.2988975133750269,0,-0.03712006236489199,0,0.011535875133440399,0
Noida,2026-06,2026,6,1,False,False,-0.19558719637251681,0,-0.46783664645392975,0,-0.2744829739141706,0,-0.05492995477220458,0
